Ci9DQUlRQUNvZENodHljRjlvT2t0Q2NqVkZPRnA2YTA4NU9WUjBMVGRuU201ZmVHYxAB,Renza Chendra Aditya,4,⭐⭐⭐⭐,sebulan lalu,Hari ini festival literasi jogja bersama istri dapat beberapa buku dan kita kulineran di stand stand. Bagus sekali eventnya
Ci9DQUlRQUNvZENodHljRjlvT2pOS2FIVktablZOYlRoRE9HeFFiWEJ3TVhOTVVWRRAB,Gusnawang Abdullatif,4,⭐⭐⭐⭐,6 bulan lalu,Kesini saat kunjungan studi tentang Arsip dari Mahasiswa ISI Jogja dengan informasi dan pengetahuan yang diberikan cukup penting untuk tau tentang Arsiparis itu sendiri
Ci9DQUlRQUNvZENodHljRjlvT2xsSFNFRnNiSFkxZFZWU1UxZGxTVTl2YkdkMlZHYxAB,Iis Amalia Donny,5,⭐⭐⭐⭐⭐,8 bulan lalu,Bagus banget bisa jd destinasi wisata edukasi. Semoga di daerah2 lain ada yg sprti di dinas perpustakaan dan arsip jogja ini. Puas banget selama 90 menit di bawa keliling dan di jelaskan bagaimana sejarah jogja dari waktu ke waktu hingga saat ini. 👍👍👍 …
ChdDSUhNMG9nS0VJQ0FnSUNYLU15dDhnRRAB,Khoirunisa Diah Pangesti,4,⭐⭐⭐⭐,setahun lalu,"Tempatnya luas, ada beragam koleksi buku yang lengkap dan bervariasi, ada tempat bermain anak cocok untuk orang tua, selain membaca bisa juga bermain bersama anak. Fasilitasnya juga baik, ada wifi, tempat ibadah dan juga lift yang memudahkan pengunjung."
ChdDSUhNMG9nS0VJQ0FnSURabWFtNmt3RRAB,Fairuzul Mumtaz,5,⭐⭐⭐⭐⭐,2 tahun lalu,"Luas, besar, bagus, koleksi banyak. Mungkin ini perpustakaan provinsi yang paling megah. Di daerah-daerah lain belum pernah ketemu perpus yang sebesar ini.
Tempat yang luas memungkinkan untuk digelar berbagai event. Beberapa kali ada …"
ChZDSUhNMG9nS0VJQ0FnSUN2enBIaEVREAE,Kharisma,5,⭐⭐⭐⭐⭐,setahun lalu,"Cakep banget tour museumnya. Jangan lupa beli tiket dulu yaa kalo mau masuk sini karna ada jam jam sesi nya. Pas tour juga ditemenin guide jadi bisa dijelasin apa aja di dalem, bisa buat minta tolong fotoin juga"
Ci9DQUlRQUNvZENodHljRjlvT2tSUlpHeHlkMGR3TkZaVVRUZHFiMjV2YWpKNVpHYxAB,Robi N,4,⭐⭐⭐⭐,setahun lalu,"Bagus benerr kompleks gedungnya. Masih bersih, tertata, dan rapi. Sering jadi tempat pameran buku."
ChZDSUhNMG9nS0VJQ0FnSURIZ2FPaEN3EAE,Suka Jajan,5,⭐⭐⭐⭐⭐,setahun lalu,"Fasilitas keren jangan ditanyakan lagi, selalu menjadi wadah untuk event2 ciamik. Semoga semakin banyak yang sadar akan pentingnya literasi dan pemanfaatan fasilitas publik seperti ini ya. Yukk anak muda jangan nongkrong tidak berfaedah saja, harus ada manfaatnya ♥️"
ChdDSUhNMG9nS0VJQ0FnTUNRLWF5ZHR3RRAB,Diana Februarita,5,⭐⭐⭐⭐⭐,setahun lalu,lokasi deket perpus terbesar di jogja dgn koleksi buku terlengkap dan bahkan deket sama diorama jogja jadi bisa buat liburan bareng cemal cemilk keripik pisang susu!
ChdDSUhNMG9nS0VJQ0FnSURPaDlEc29nRRAB,ke mana saja?,5,⭐⭐⭐⭐⭐,4 tahun lalu,"Tempatnya bersih, terawat, ada beberapa gazebo atau pendopo yang bisa untuk duduk-duduk baca buku, ngerjain tugas, nyaman dan teduh."
ChZDSUhNMG9nS0VJQ0FnSUNXbzh2TmVBEAE,Willy Alfarius,5,⭐⭐⭐⭐⭐,4 tahun lalu,"Salah satu tempat terbaik di Yogyakarta. Depo dan Gedung Arsip Daerah yang levelnya setara dengan Arsip Nasional, terutama dalam hal kualitas gedung dan penyimpanan arsip. Yang paling oke lagi adalah terdapat diorama sejarah Yogya, yang dikerjakan dengan luar biasa. Kunjungi saja langsung untuk lebih jelasnya."
Ci9DQUlRQUNvZENodHljRjlvT2w5WFZsaHRhMFl6T0ZWemRYRllWa0ZMVUVwQ2JVRRAB,RIA TRISNAWATI,5,⭐⭐⭐⭐⭐,setahun lalu,"mengantar muridku nonton disini.. berjadwal dan film nya hasil
produksi pemda..
gratis, cmn gabole rikues judul filmnya"
Ci9DQUlRQUNvZENodHljRjlvT21wblN6UkRaMU5TZFhOUVJrcGtUV2hUWkRCTk4zYxAB,Nauli Mulana manurung,5,⭐⭐⭐⭐⭐,4 bulan lalu,"Petugas di DPAD Semuanya ramah-ramah banget, layanannya enak banget,untuk ruangan nyaman banget buat nyari nyari tugas"
Ci9DQUlRQUNvZENodHljRjlvT2xSU1MycEJkWE5aZDNCTk9EWldZVkZZZVRKaGExRRAB,Amanda Dwi Yuli Wulandari,5,⭐⭐⭐⭐⭐,4 bulan lalu,"Tempatnya luas, banyak buku, dan banyak tempat untuk nugas. Harusnya tempat seperti ini diperbanyak"
Ci9DQUlRQUNvZENodHljRjlvT25sU1ZFMXRUMmRRUVRWNFVqY3lTMFIwVGpaWE9IYxAB,suziana26 suziana26,5,⭐⭐⭐⭐⭐,4 bulan lalu,"Petugasnya ramah banget (cantik2 juga), ruangannya adem dan nyaman"
ChZDSUhNMG9nS0VJQ0FnTURvcE92cGRnEAE,Diplograma,5,⭐⭐⭐⭐⭐,setahun lalu,Dinas atau lembaga pemerintah yang mengelola pengarsipan di Daerah Istimewa Yogyakarta
ChZDSUhNMG9nS0VJQ0FnSUN4bWFTNGVnEAE,Ninin,4,⭐⭐⭐⭐,3 tahun lalu,Kesini pas waktu itu lagi ada kegiatan Pasar Kangen.
ChZDSUhNMG9nS0VJQ0FnSURIenRXNmRBEAE,Yulia Rosdiana Putri,5,⭐⭐⭐⭐⭐,setahun lalu,"Kedua kali ke sini. Pertama sebelum dibuka untuk berbayar. Kedua, saat gelaran Jogja Book Fair. Suasana masih sama, luas dan syahdu. Cuma memang panas banget misal siang hari ke sini."
ChZDSUhNMG9nS0VJQ0FnSUNHN2NPRExnEAE,Anastasia Rini,4,⭐⭐⭐⭐,4 tahun lalu,"Satu kali kunjungan.hanya di hal belakang
Gsms propinsi daerah istimewa Yogyakarta"
ChdDSUhNMG9nS0VJQ0FnSURkeF83SWd3RRAB,Edi Sri Mulyanta,5,⭐⭐⭐⭐⭐,2 tahun lalu,"Menghadiri acara IKAPI, melihat potensi buku di masa yang akan datang. Kebetulan hidupku banyak di dunia buku, sehingga penting  untuk memahaminya."
ChdDSUhNMG9nS0VJQ0FnSUNlamY3XzhRRRAB,Giovani Bajeng,5,⭐⭐⭐⭐⭐,3 tahun lalu,Tempat wisata keluarga yang ramah dikantong.. anak anak seneng karena bisa lari lari di rumput.. liat diorama.. belajar sambil liburan..
Ci9DQUlRQUNvZENodHljRjlvT2xWQmQyRk9hMmczVVhVdGRHVjZSbnBCVUdsd2ExRRAB,steven yanuar,5,⭐⭐⭐⭐⭐,10 bulan lalu,Terima Kasih
ChdDSUhNMG9nS0VJQ0FnSUQtemVpc3B3RRAB,Lastinawati Wati,5,⭐⭐⭐⭐⭐,3 tahun lalu,Koleksi buku dan informasi terlengkap dan tempat yg tenang utk belajar
ChZDSUhNMG9nS0VJQ0FnSUMxeWJ5TEdnEAE,Dui Rambler,5,⭐⭐⭐⭐⭐,2 tahun lalu,"Berkunjung kesini saat pameran film pendidikan
Keren"
ChZDSUhNMG9nS0VJQ0FnSUNXczR2dlVnEAE,Yohna fortinatus,3,⭐⭐⭐,4 tahun lalu,Keren tempatnya
ChZDSUhNMG9nS0VJQ0FnSUMtOWR5RWVREAE,Pak Rio SD KASA,5,⭐⭐⭐⭐⭐,3 tahun lalu,"Tempat nyaman koleksi mumpuni, fasilitas lenkap"
ChZDSUhNMG9nS0VJQ0FnSUNXbFl6d0lBEAE,Anggrit Purbani,4,⭐⭐⭐⭐,4 tahun lalu,Ada pasar kangen
ChdDSUhNMG9nS0VJQ0FnSUNkN2JfNWxnRRAB,khairul Mudakir,5,⭐⭐⭐⭐⭐,2 tahun lalu,Komplit buat pembelajaran ananda
ChdDSUhNMG9nS0VJQ0FnSUMwbTdpOHd3RRAB,achmad gunadi,5,⭐⭐⭐⭐⭐,6 tahun lalu,Perpus diy nyaman utk baca
ChZDSUhNMG9nS0VJQ0FnSURpbkx6MFFnEAE,Leon L,5,⭐⭐⭐⭐⭐,5 tahun lalu,lokasi pameran mobil antik
ChdDSUhNMG9nS0VJQ0FnSUNXdnZXQnJ3RRAB,masFADZ,5,⭐⭐⭐⭐⭐,4 tahun lalu,Tempat arsip daerah..
Ci9DQUlRQUNvZENodHljRjlvT2t4R2VFVkxSMWRRWVVkWk9YVm5hblpIVWxsUlMzYxAB,Fatikha Zulfatul Aulia,5,⭐⭐⭐⭐⭐,sebulan lalu,"kami mengajukan bantuan donasi buku utk proker KKN dan dpt acc, Alhamdulillah, terimakasih DPAD DIY 🙏 …"
Ci9DQUlRQUNvZENodHljRjlvT2s5NU5ucFVWelIwTlVsT1NHdzRVMlV3Ymt4SGQzYxAB,sans.ammthr_,5,⭐⭐⭐⭐⭐,setahun lalu,     
ChdDSUhNMG9nS0VJQ0FnSUNiMElHaW1RRRAB,Achyar,5,⭐⭐⭐⭐⭐,2 tahun lalu,Besar!
ChdDSUhNMG9nS0VJQ0FnSURIc3JudDBBRRAB,Yutan AB,4,⭐⭐⭐⭐,setahun lalu,Menyesap!
Ci9DQUlRQUNvZENodHljRjlvT2tVNFdFRkJiRWxmUVhKM00yWnhTWFJEUkY4elNuYxAB,Musthafa Kamal,4,⭐⭐⭐⭐,sebulan lalu,     
Ci9DQUlRQUNvZENodHljRjlvT21ZeFgyZDNSR2R5VFhvNVpWSTROMmhtWjNGRlNtYxAB,Zaki Atha,5,⭐⭐⭐⭐⭐,sebulan lalu,     
Ci9DQUlRQUNvZENodHljRjlvT2t4R2JVeERVbk4zUmtkeFRHMHdjV0l5WTFsNmNWRRAB,Zakia Azzahra,5,⭐⭐⭐⭐⭐,sebulan lalu,     
Ci9DQUlRQUNvZENodHljRjlvT25Kdk5IUm5lVXRWVmtwM1FVaFJSRTFPWjNCSldrRRAB,Yovindaintyart,5,⭐⭐⭐⭐⭐,sebulan lalu,     
Ci9DQUlRQUNvZENodHljRjlvT2tKSVRYZzNkV3R1UkRSaU9IVmhjRUo2WDNFNGVGRRAB,Cantika Yulia Nur Antia,5,⭐⭐⭐⭐⭐,2 bulan lalu,     
Ci9DQUlRQUNvZENodHljRjlvT2pKdFJuUTRReTFoUkRVNVJuVktXVjl0UkdwMmVtYxAB,Avila Vanda,5,⭐⭐⭐⭐⭐,8 bulan lalu,     
Ci9DQUlRQUNvZENodHljRjlvT2taNlFtOUtSMFZZTTBoZmMybFVaMUpIWldFNGRHYxAB,NdahBina rahma,5,⭐⭐⭐⭐⭐,setahun lalu,     
ChZDSUhNMG9nS0VJQ0FnSURqa2JLMkpREAE,Jofie User,5,⭐⭐⭐⭐⭐,2 tahun lalu,     
ChZDSUhNMG9nS0VJQ0FnSUMtNTR6amJ3EAE,Devia Sukmawanti,5,⭐⭐⭐⭐⭐,3 tahun lalu,     
ChZDSUhNMG9nS0VJQ0FnSURHX1ozZGV3EAE,Rikki Siadari,5,⭐⭐⭐⭐⭐,4 tahun lalu,     
ChZDSUhNMG9nS0VJQ0FnSUQ2d3NYdk5nEAE,Putu Dian,5,⭐⭐⭐⭐⭐,4 tahun lalu,     
ChZDSUhNMG9nS0VJQ0FnSURxZ2FIX2FREAE,Dona Pasa,5,⭐⭐⭐⭐⭐,5 tahun lalu,     
