Ci9DQUlRQUNvZENodHljRjlvT25Gc2IzSjBlVXR2WlVGVVNVSm5kSFl4WkVKTVEwRRAB,Telur Asin Oven,5,⭐⭐⭐⭐⭐,2 minggu lalu,"Tiap jumat ada pasar tani..wadah utk umkm jualan produknya.
👍 …"
ChdDSUhNMG9nS0VJQ0FnSURBMVlUYnJRRRAB,Hangesti,4,⭐⭐⭐⭐,9 tahun lalu,"Kantor yang mengurusi pertanian di DIY. Gedungnya megah. Tiap jumat pagi ada bazar, menyajikan hasil pertanian, anggrek, dll."
Ci9DQUlRQUNvZENodHljRjlvT21samVFWjZVVEp1Wkc1ZlNtMXhXR1ZmVUVOME4zYxAB,Fadhillah Akbar,5,⭐⭐⭐⭐⭐,4 bulan lalu,Tempat yang nyamann untuk berkonsultasi dan menanyakan informasi mengenai pertanian
ChdDSUhNMG9nS0VJQ0FnSUNnMU5DejRnRRAB,Citra Nurwinda,4,⭐⭐⭐⭐,8 tahun lalu,"Lokasi di timur mandala krida. Sering mengadakan acara kedinasan. Pegawainya ramah2. Banyak pohon buah di halaman depan, suasana jadi sejuk. Ditambah lagi halamannya bersih. Kalau beruntung bisa motek kepel, jambu, sirsak, srikaya, atau …"
ChdDSUhNMG9nS0VJQ0FnSUN3X2FpUXVnRRAB,ifit 888,5,⭐⭐⭐⭐⭐,7 tahun lalu,"Pelayanan ramah, baik, tempat bersih.
..🙏🏻🤙🏻 …"
ChZDSUhNMG9nS0VJQ0FnSUR6MDUyblZ3EAE,aprilia mahanani,5,⭐⭐⭐⭐⭐,2 tahun lalu,"Salah satu gedung pemerintahan provinsi.
Gedung luas, bersih dengan area parkir yang luas baik untuk kendaraan roda dua maupun roda empat. …"
ChZDSUhNMG9nS0VJQ0FnSURlNHRTdUdnEAE,drg. Amelia Elizabeth SpBMM,5,⭐⭐⭐⭐⭐,3 tahun lalu,"Alhamdulillah dimudahkan sekali mengurus pengiriman anabul dari papua ke DIY. Terima kasih bapak Setya telah membantu dokumen pemindahan hewan peliharaan. Semoga budi baik bapak dibalas Allah SWT, hidupnya selalu berkah dan dirahmati …"
ChdDSUhNMG9nS0VJQ0FnSUR5bU15QTBRRRAB,Yohanes Fabians Klathax,4,⭐⭐⭐⭐,5 tahun lalu,"Tenang, nyaman, petugasnya ramah"" dan mau memberi arahan / bimbingan agar lbh baik semuanya.
Maturnuwun untuk kepeduliannya kepada kami kaum tani 🙏
Sehat dan sukses selalu kagem semua pengurus, Aamiin 🙏🙏 …"
ChdDSUhNMG9nS0VJQ0FnSUNXMTlySTR3RRAB,Anastasia Rini,5,⭐⭐⭐⭐⭐,4 tahun lalu,"Tempat menarik
Kunjungan pertama
Acara sosialisasi b2sa dan edukasi pemanfaatan food waste. …"
ChZDSUhNMG9nS0VJQ0FnSUNBcnFQWUVBEAE,erdi gunawan,4,⭐⭐⭐⭐,8 tahun lalu,"Hari Pangan, dinas pertanian DIY"
ChdDSUhNMG9nS0VJQ0FnSURJdXNtTXpnRRAB,Antieq Dixie,5,⭐⭐⭐⭐⭐,7 tahun lalu,Kami melakukan kegiatan usaha dr hasil pertanian dan olahan..makanan dan jamu....di setiap jumat dr jam 07 pg sampai 11 siyang... Nama kegiatan kami ASPARTAN
ChdDSUhNMG9nS0VJQ0FnSUN5djRfbTd3RRAB,Rudi Abat,4,⭐⭐⭐⭐,5 tahun lalu,"Tempatnya dekat mandala krida, pelayanan baik."
ChZDSUhNMG9nS0VJQ0FnSUMxb3RYVmZ3EAE,Afeb Maulana,5,⭐⭐⭐⭐⭐,2 tahun lalu,Kantor pemerintahan yang membidangi tentang pertanian yang mencakup kewenangan tingkat Propinsi khusus Daerah Istimewa Yogyakarta
Ci9DQUlRQUNvZENodHljRjlvT2xOMWNYWlFWa2g2ZWw5eVoweHlWVmQwWDBsU2VsRRAB,rahasia hati,1,⭐,6 bulan lalu,GA RAMAH
ChZDSUhNMG9nS0VJQ0FnSUNzamV1LWFREAE,Iswahyudi,5,⭐⭐⭐⭐⭐,6 tahun lalu,"Pelayanan ramah , langsung di tangani dengan cepat , cukup responsif
Area parkir kantor cukup luas ,
Lokasi kantor cukup strategis"
ChdDSUhNMG9nS0VJQ0FnSUNxeWZuTl93RRAB,Aprilian Tas,5,⭐⭐⭐⭐⭐,5 tahun lalu,terima kasih kepada dpkp diy yang sudah berlangganan kepada kami.. semoga semakin sukses kedepannya..
ChdDSUhNMG9nS0VJQ0FnSURTMDZ2QXhRRRAB,zukirallahu abdul karim,3,⭐⭐⭐,5 tahun lalu,Disini bisa buat surat rekom hewan tdk ya? Buat pengiriman ke luar pulau
ChZDSUhNMG9nS0VJQ0FnSUQyMGY2MlVBEAE,Effendi Achmed,4,⭐⭐⭐⭐,4 tahun lalu,Organisasi pemetintah yang ramah dan tanggap dalam melayani masyarakat. Terima kasih
ChdDSUhNMG9nS0VJQ0FnSURnM0p6ZnlnRRAB,Fafa Muhammad,5,⭐⭐⭐⭐⭐,9 tahun lalu,Dinas pertanian sedang dalam tahap renovasi.. kurang papan informasi petunjuk
ChZDSUhNMG9nS0VJQ0FnSURzME9qUVFREAE,Moh. Esperanza,5,⭐⭐⭐⭐⭐,6 tahun lalu,Ada Pasar Tani DIY setiap hari Jum'at halaman Dinas Pertanian dan Ketahanan Pangan DIY...
ChZDSUhNMG9nS0VJQ0FnSUNnMHRYWFNREAE,Edmon Kristianto,4,⭐⭐⭐⭐,7 tahun lalu,"Kantornya tenang, tdk bising"
ChdDSUhNMG9nS0VJQ0FnSUNPcTctZW1BRRAB,MHMBR borg49,2,⭐⭐,4 tahun lalu,no telp yang tertera kok ga bisa dihubungi yak?
ChZDSUhNMG9nS0VJQ0FnSURkb3A3dUd3EAE,HENNY CKS,5,⭐⭐⭐⭐⭐,2 tahun lalu,harga terjangkau...pelayanan ramah
ChZDSUhNMG9nS0VJQ0FnSURKMHJtbE9REAE,Arum Candra,3,⭐⭐⭐,3 tahun lalu,Kalau lapor tentang tempat yang jualan sengsu dimana?
ChZDSUhNMG9nS0VJQ0FnSUNvM01qZFJREAE,Pungky Pink,4,⭐⭐⭐⭐,7 tahun lalu,"Kantor dinas pertanian gedungnya bersih,  sejuk"
ChZDSUhNMG9nS0VJQ0FnSUNLaXB1alVREAE,sie BPT BPBPTDK,5,⭐⭐⭐⭐⭐,5 tahun lalu,Pelayanan ramah dan cepat
ChdDSUhNMG9nS0VJQ0FnSUNxX3M3QXdBRRAB,Adhitya Dwi Laksono,5,⭐⭐⭐⭐⭐,5 tahun lalu,Apakah bisa minta outlook cengkeh terbaru?
ChZDSUhNMG9nS0VJQ0FnSUNnNkp5MEN3EAE,Dwi Nawang Wicaksana,5,⭐⭐⭐⭐⭐,Diedit 9 tahun lalu,"Kantornya megah, pegawainya ramah dan profesional"
ChZDSUhNMG9nS0VJQ0FnSURBNzZ5RkFnEAE,Gunawan Wibisono,3,⭐⭐⭐,9 tahun lalu,Bangunan baru namun dengan cat yang kusam seperti luntur
ChdDSUhNMG9nS0VJQ0FnSUN5eWRtY2xRRRAB,Agus Setyawan,4,⭐⭐⭐⭐,5 tahun lalu,makasih.telah memperlancar kinerja sehari.hari
ChZDSUhNMG9nS0VJQ0FnSUNJLVo3YUVnEAE,Hary L. Prabowo,4,⭐⭐⭐⭐,7 tahun lalu,"Dinas Pertanian, gedungnya banyak dan besar."
ChdDSUhNMG9nS0VJQ0FnSURpdm9QcG9RRRAB,Andy Arsalan,5,⭐⭐⭐⭐⭐,5 tahun lalu,Dinas yang menangani ketersediaan pangan
ChdDSUhNMG9nS0VJQ0FnSUM4c0lfM3lRRRAB,franky budi santanu,5,⭐⭐⭐⭐⭐,6 tahun lalu,Ada semua untuk pertanian
ChdDSUhNMG9nS0VJQ0FnSURPM01Xb3FnRRAB,Prasetya Wibowo,4,⭐⭐⭐⭐,4 tahun lalu,Maju mandiri modern
ChdDSUhNMG9nS0VJQ0FnSURRLWVuVHZnRRAB,Pak Toni,4,⭐⭐⭐⭐,9 tahun lalu,Bagus.
ChZDSUhNMG9nS0VJQ0FnSURnd2F5bEJBEAE,Annas Makruf Haifani,5,⭐⭐⭐⭐⭐,13 tahun lalu,Dinas Pertanian DIY
ChZDSUhNMG9nS0VJQ0FnSUNJZ1lYd2V3EAE,Mochamad Hapsakti Nurhindratno,4,⭐⭐⭐⭐,7 tahun lalu,Urusan pertanian joss
ChRDSUhNMG9nS0VJQ0FnSURjMnBZSBAB,bbi minsuprapti,1,⭐,6 tahun lalu,"Sayang sekali tokonya tutup, tetapi layanan online masih buka."
ChdDSUhNMG9nS0VJQ0FnSUNNamJLQm1nRRAB,narto 8370,5,⭐⭐⭐⭐⭐,6 tahun lalu,Keren dan asyik
ChZDSUhNMG9nS0VJQ0FnSUNKX29td2RnEAE,edwin ariffianto,4,⭐⭐⭐⭐,3 tahun lalu,     
ChdDSUhNMG9nS0VJQ0FnSURBcE9UZS13RRAB,Baderu Ohhyess,3,⭐⭐⭐,9 tahun lalu,ohh wow
ChdDSUhNMG9nS0VJQ0FnSURlczcyWWp3RRAB,Johan Salbiyantoro,5,⭐⭐⭐⭐⭐,3 tahun lalu,     
Ci9DQUlRQUNvZENodHljRjlvT25JMFprTlNhRUV5TlhKU2FWUXRkMlUwV1RWYWEzYxAB,Deny,4,⭐⭐⭐⭐,2 hari lalu,      BARU
Ci9DQUlRQUNvZENodHljRjlvT2tkSVgwNVFPV2Q2YWpneldIRnBPV1ZLVDNKNlIyYxAB,M candra prayoga,5,⭐⭐⭐⭐⭐,2 bulan lalu,     
Ci9DQUlRQUNvZENodHljRjlvT2t4SVVUbFNOWHBhV0hob2JuUXlRMGw1VlhGT2RrRRAB,Sinung Rustijarno,5,⭐⭐⭐⭐⭐,2 bulan lalu,Terima kasih kak
Ci9DQUlRQUNvZENodHljRjlvT2pVeU9TMHliazUxU1hoc09WZEdhR0pqZDJoeVozYxAB,drh. Agus Riyanto,5,⭐⭐⭐⭐⭐,4 bulan lalu,Terima kasih kak
Ci9DQUlRQUNvZENodHljRjlvT2tjMFlUSnRiRkpqWVhFMWNUWnJXWGwxUWxoRk5HYxAB,sitinurjannah SITINURJANNAH,5,⭐⭐⭐⭐⭐,6 bulan lalu,     
Ci9DQUlRQUNvZENodHljRjlvT2sxdGIzbEZRa1Z1TVc1VVVuTkJabGhOWkRaSmVWRRAB,Suwartono Anjar,5,⭐⭐⭐⭐⭐,7 bulan lalu,     
ChdDSUhNMG9nS0VJQ0FnSURQbHVQOW5BRRAB,Sekar Sari Mandiri,5,⭐⭐⭐⭐⭐,setahun lalu,     
ChdDSUhNMG9nS0VJQ0FnSUQ3dl9LNF9RRRAB,probo susatyo,5,⭐⭐⭐⭐⭐,setahun lalu,     
ChdDSUhNMG9nS0VJQ0FnSUM3b3UzcTZBRRAB,Alfonsus Ligouri Carhesa Gilmore,5,⭐⭐⭐⭐⭐,2 tahun lalu,     
ChdDSUhNMG9nS0VJQ0FnSURMZ0lIQjhnRRAB,Haryanto Chandra,5,⭐⭐⭐⭐⭐,2 tahun lalu,     
ChdDSUhNMG9nS0VJQ0FnSURENmFlbmp3RRAB,Soer Yono,5,⭐⭐⭐⭐⭐,2 tahun lalu,     
ChZDSUhNMG9nS0VJQ0FnSUNoX01yN2FREAE,Marwin Jofie Jofie,5,⭐⭐⭐⭐⭐,3 tahun lalu,     
ChdDSUhNMG9nS0VJQ0FnSUNHLXN5c21BRRAB,Pumi Chan,5,⭐⭐⭐⭐⭐,4 tahun lalu,     
ChZDSUhNMG9nS0VJQ0FnSURhMHY2dldREAE,enha prasetya,5,⭐⭐⭐⭐⭐,5 tahun lalu,     
ChdDSUhNMG9nS0VJQ0FnSUN5cXMyNzZnRRAB,Haryadi Subandi,5,⭐⭐⭐⭐⭐,5 tahun lalu,     
ChdDSUhNMG9nS0VJQ0FnSURTaDZXanhRRRAB,Erna Ermawati,5,⭐⭐⭐⭐⭐,5 tahun lalu,     
ChdDSUhNMG9nS0VJQ0FnSUNTcTgtZnZRRRAB,burhan nugroho,5,⭐⭐⭐⭐⭐,5 tahun lalu,     
ChdDSUhNMG9nS0VJQ0FnSURpd052YjZnRRAB,Wiwit Arista,5,⭐⭐⭐⭐⭐,5 tahun lalu,     
ChdDSUhNMG9nS0VJQ0FnSUNpM1piU213RRAB,Bogiman bin Mardo Utomo,5,⭐⭐⭐⭐⭐,5 tahun lalu,     
ChdDSUhNMG9nS0VJQ0FnSUNDLWF2M3lnRRAB,Yoyok sat,5,⭐⭐⭐⭐⭐,5 tahun lalu,     
ChdDSUhNMG9nS0VJQ0FnSUNDeWZ5QTZBRRAB,Amir Bandar Abdul Majid,5,⭐⭐⭐⭐⭐,5 tahun lalu,     
ChdDSUhNMG9nS0VJQ0FnSUNzbl9PNWl3RRAB,BRUNO ALVERDI YANTOKIA,5,⭐⭐⭐⭐⭐,6 tahun lalu,     
ChdDSUhNMG9nS0VJQ0FnSUNzLVozRXhRRRAB,KP - Waqiatul Khasanah,5,⭐⭐⭐⭐⭐,6 tahun lalu,     
ChdDSUhNMG9nS0VJQ0FnSURNMU9iajBBRRAB,Suci Putranti,5,⭐⭐⭐⭐⭐,6 tahun lalu,     
ChdDSUhNMG9nS0VJQ0FnSUQwaXRxNW5BRRAB,Lisetyo Ncahyo,4,⭐⭐⭐⭐,6 tahun lalu,     
ChdDSUhNMG9nS0VJQ0FnSUNVOUxpajlnRRAB,GARY,1,⭐,7 tahun lalu,     
ChdDSUhNMG9nS0VJQ0FnSUNvNnQyYzd3RRAB,Mang yayi jaba Widhiartha (Mang yayi),5,⭐⭐⭐⭐⭐,7 tahun lalu,     
ChdDSUhNMG9nS0VJQ0FnSURBeUlLSmp3RRAB,Imroatun Akhyar Rizqi,3,⭐⭐⭐,8 tahun lalu,     
ChZDSUhNMG9nS0VJQ0FnSURRNVBxQUlREAE,Wasto Jenggot,5,⭐⭐⭐⭐⭐,8 tahun lalu,     
ChdDSUhNMG9nS0VJQ0FnSUNnXzRURmp3RRAB,Iwan Tsu,4,⭐⭐⭐⭐,8 tahun lalu,     
ChdDSUhNMG9nS0VJQ0FnSURRc3M3Z3pBRRAB,bernas kurnia,4,⭐⭐⭐⭐,9 tahun lalu,     
ChZDSUhNMG9nS0VJQ0FnSURncTVPaEJREAE,Tito Ardian,5,⭐⭐⭐⭐⭐,9 tahun lalu,     
ChZDSUhNMG9nS0VJQ0FnSUNnc3Bfb09REAE,eko budoyo,4,⭐⭐⭐⭐,10 tahun lalu,     
ChZDSUhNMG9nS0VJQ0FnSURBdWVUUkJREAE,Miftahul Ajri,5,⭐⭐⭐⭐⭐,11 tahun lalu,     
