id_ulasan,instansi_id,instansi_nama,sumber,penulis,teks,rating,tanggal,url,scraped_at
d9bd2ca18c0d773e6d97036b,disnakertrans,Dinas Tenaga Kerja dan Transmigrasi DIY,berita,ANTARA News Yogyakarta,"Bantul kerjakan program padat karya BKK DIY di 124 lokasi - ANTARA News Yogyakarta. <a href=""https://news.google.com/rss/articles/CBMiogFBVV95cUxOZ25SakFDdzk2Y2RVcHFIQ3YtZkk2ZlA1NWhKU2lEcVZfb1g5UFVaTTY0c25ZckhqekgyTTNPMk5sSmdHNUg2WENtRzRwYkxWMHM4Y001M20yREtnNGZLWlNqWnRTeUJ3S2VUM2RqYnJralBFQnhoRElrbUdUd0JzMnVrQ1NPX25JSWJfMWhlQUVCTzJ2ZlgyNFNnN3ZET0RXeUE?oc=5"" target=""_blank"">Bantul kerjakan program padat karya BKK DIY di 124 lokasi</a>&nbsp;&nbsp;<font color=""#6f6f6f"">ANTARA News Yogyakarta</font>",,2026-08-03T07:00:00+00:00,https://news.google.com/rss/articles/CBMiogFBVV95cUxOZ25SakFDdzk2Y2RVcHFIQ3YtZkk2ZlA1NWhKU2lEcVZfb1g5UFVaTTY0c25ZckhqekgyTTNPMk5sSmdHNUg2WENtRzRwYkxWMHM4Y001M20yREtnNGZLWlNqWnRTeUJ3S2VUM2RqYnJralBFQnhoRElrbUdUd0JzMnVrQ1NPX25JSWJfMWhlQUVCTzJ2ZlgyNFNnN3ZET0RXeUE?oc=5,2026-08-21T03:15:14.072331+00:00
af6f0cfc50c2572f5a4c56f6,disnakertrans,Dinas Tenaga Kerja dan Transmigrasi DIY,berita,Harian Jogja,"584 Pekerja Kena PHK di DIY hingga Mei 2026, Disnakertrans Buka Suara - Harian Jogja. <a href=""https://news.google.com/rss/articles/CBMitgFBVV95cUxOc1JiZUFSMm9aTHNKanp6MWIwRUc5VmNndUVLOFB0OHdUUXpXVWpKOXB6ckR0V1N0LTEwLUQ4YVJscUxxbmhycnZRRk1rd0VWVUQ3dVRjYWk0Ri11OUFKenVxZFFpMy1BSmprTUJsUkV4b2w0UTJLbFJJYTRjc3hsLXFmbWFvT2V5eHI2UUNUdk9YOUhMa3dBT2pzSnAzQ25sOWdnb2NpQlJ0M1o1cG5jbVN3SDN3dw?oc=5"" target=""_blank"">584 Pekerja Kena PHK di DIY hingga Mei 2026, Disnakertrans Buka Suara</a>&nbsp;&nbsp;<font color=""#6f6f6f"">Harian Jogja</font>",,2026-08-06T09:37:31+00:00,https://news.google.com/rss/articles/CBMitgFBVV95cUxOc1JiZUFSMm9aTHNKanp6MWIwRUc5VmNndUVLOFB0OHdUUXpXVWpKOXB6ckR0V1N0LTEwLUQ4YVJscUxxbmhycnZRRk1rd0VWVUQ3dVRjYWk0Ri11OUFKenVxZFFpMy1BSmprTUJsUkV4b2w0UTJLbFJJYTRjc3hsLXFmbWFvT2V5eHI2UUNUdk9YOUhMa3dBT2pzSnAzQ25sOWdnb2NpQlJ0M1o1cG5jbVN3SDN3dw?oc=5,2026-08-21T03:15:14.072331+00:00
cabefa4bda695c99a7e7f943,disnakertrans,Dinas Tenaga Kerja dan Transmigrasi DIY,berita,Pemerintah Kota Yogyakarta,"Pemkot Gelar Job Fair Jogja 2026, Siapkan 2.000 Lowongan Pekerjaan - Pemerintah Kota Yogyakarta. <a href=""https://news.google.com/rss/articles/CBMiXEFVX3lxTE90TGNOYmI5MWh5UWxfZ20wNENSajRHSmJEWHV3Znc4RFM2X3RpZy1Uai1rV0hFeG02dlU4OGVrcDJnMGM2djV0Zk9jUmE3RUFXT3FlOEthcE5pMmtZ?oc=5"" target=""_blank"">Pemkot Gelar Job Fair Jogja 2026, Siapkan 2.000 Lowongan Pekerjaan</a>&nbsp;&nbsp;<font color=""#6f6f6f"">Pemerintah Kota Yogyakarta</font>",,2026-07-13T07:00:00+00:00,https://news.google.com/rss/articles/CBMiXEFVX3lxTE90TGNOYmI5MWh5UWxfZ20wNENSajRHSmJEWHV3Znc4RFM2X3RpZy1Uai1rV0hFeG02dlU4OGVrcDJnMGM2djV0Zk9jUmE3RUFXT3FlOEthcE5pMmtZ?oc=5,2026-08-21T03:15:14.072331+00:00
e1c1aa3b70ed9276873251b8,disnakertrans,Dinas Tenaga Kerja dan Transmigrasi DIY,berita,Kompas.tv,"Job Fair 2026 UNY dan Disnakertrans Jogja Digelar 10 11 Juni, 40 Perusahaan Buka Lowongan Kerja - Kompas.tv. <a href=""https://news.google.com/rss/articles/CBMiywFBVV95cUxPWVlfZVdWUGVTdVMtMkRwbFdFczFyNlg2X203dl9jQ0JOXzJQSmVPYmladUViLW45cGFqRTlfYkpKdTI5UHpqZGRUd3NISFUzUmwtS1NiLThfNlRrV3dpOVJyM1l6emRZT25KUFlLZGxydl82WTl0VnBQTW9QUGFtWnhaQ0ZTNThTbEF6NWlMUXBkbm1Tem1pSEhuS3hkM0YwVmotSEtrMl81NEM2UlNWTlRyUXlTemxQNEZKQ1ZHV0ZfaHZYNkI0aHRmRdIB0AFBVV95cUxNUWNEdTZoMF9NalRwaEhQOTRMUmp0dnhBSDh0Y1N1TGZIdEU1ZlpaNWd1dlF6UTNHN0psek04YlR4ZV9HelB1TlFUSkJZVEtkY2xwXzI2YmRsVmMxU1JxdjJXSkNWbWZCR3ZQUmZfVkt4dFB1c1Y0azY0UGRScXRDOHRyN1B2ODhWOGNKUlhPM1g4MU9OZXVLdVZPSEN3aHpnWEZGalFnQl9VcDRvNVhuMXRLOWZWNFc1amNONnpiOENiMm1tX2JYVl9sd25YRXo0?oc=5"" target=""_blank"">Job Fair 2026 UNY dan Disnakertrans Jogja Digelar 10 11 Juni, 40 Perusahaan Buka Lowongan Kerja</a>&nbsp;&nbsp;<font color=""#6f6f6f"">Kompas.tv</font>",,2026-06-06T07:00:00+00:00,https://news.google.com/rss/articles/CBMiywFBVV95cUxPWVlfZVdWUGVTdVMtMkRwbFdFczFyNlg2X203dl9jQ0JOXzJQSmVPYmladUViLW45cGFqRTlfYkpKdTI5UHpqZGRUd3NISFUzUmwtS1NiLThfNlRrV3dpOVJyM1l6emRZT25KUFlLZGxydl82WTl0VnBQTW9QUGFtWnhaQ0ZTNThTbEF6NWlMUXBkbm1Tem1pSEhuS3hkM0YwVmotSEtrMl81NEM2UlNWTlRyUXlTemxQNEZKQ1ZHV0ZfaHZYNkI0aHRmRdIB0AFBVV95cUxNUWNEdTZoMF9NalRwaEhQOTRMUmp0dnhBSDh0Y1N1TGZIdEU1ZlpaNWd1dlF6UTNHN0psek04YlR4ZV9HelB1TlFUSkJZVEtkY2xwXzI2YmRsVmMxU1JxdjJXSkNWbWZCR3ZQUmZfVkt4dFB1c1Y0azY0UGRScXRDOHRyN1B2ODhWOGNKUlhPM1g4MU9OZXVLdVZPSEN3aHpnWEZGalFnQl9VcDRvNVhuMXRLOWZWNFc1amNONnpiOENiMm1tX2JYVl9sd25YRXo0?oc=5,2026-08-21T03:15:14.072331+00:00
65ffe1e97a15b9218c40d6f6,disnakertrans,Dinas Tenaga Kerja dan Transmigrasi DIY,berita,Jogjaprov,"Puluhan Aduan THR Masuk, Pemda DIY Gerak Cepat Pastikan Hak ... - Jogjaprov. <a href=""https://news.google.com/rss/articles/CBMiqwFBVV95cUxOLVRlWXd0S2pJeEVaME5CS0NLNXBtV0k0LWVsSHk4Y3VjNjNhMWFySjBGQmtIMndtWkVfaUZvUF9WZFpLZXU3b3B3MGRzUTZOWlU5NTFEblQtbHlGQWNGWVdHMi15NTY2WGJtdklqb0dXMmlIWlZCdFdZRTJzOUFORGlzZ2UxNDA1ejVid3lGZ2pDUndEaU82NWVocnpGbGlHaWVEQl9kQ2ktUWs?oc=5"" target=""_blank"">Puluhan Aduan THR Masuk, Pemda DIY Gerak Cepat Pastikan Hak ...</a>&nbsp;&nbsp;<font color=""#6f6f6f"">Jogjaprov</font>",,2026-03-17T07:00:00+00:00,https://news.google.com/rss/articles/CBMiqwFBVV95cUxOLVRlWXd0S2pJeEVaME5CS0NLNXBtV0k0LWVsSHk4Y3VjNjNhMWFySjBGQmtIMndtWkVfaUZvUF9WZFpLZXU3b3B3MGRzUTZOWlU5NTFEblQtbHlGQWNGWVdHMi15NTY2WGJtdklqb0dXMmlIWlZCdFdZRTJzOUFORGlzZ2UxNDA1ejVid3lGZ2pDUndEaU82NWVocnpGbGlHaWVEQl9kQ2ktUWs?oc=5,2026-08-21T03:15:14.072331+00:00
47aa542c0d1117a9a773f46b,disnakertrans,Dinas Tenaga Kerja dan Transmigrasi DIY,berita,Polda DIY,"Ratusan Buruh Gelar Aksi di Kepatihan, Polisi Lakukan Pengamanan dan Kawal Audiensi - Polda DIY. <a href=""https://news.google.com/rss/articles/CBMi6AFBVV95cUxPeVZZbGxCODVKUlZwSnhZemVqd3kzMGJzNlpYSnk4VkM5ZER0LXE2dVdWR29WazU1Y0Y5X3VwWTJlVm9qN0REUEpOczhDSEpaRy15MXNtN08yd3VSQlFrN0hXQ0tvMDdvWGlpVEJNMm9PUl9meTJrMWxFQVI3S1VtUXZBUFBPaE13RHBMd09KZGotTUdHYmg2bWJGQ21ENHZhbTFsRXJkSk5ZNE9KZEpieGRvRlgxSTFmZkN0b09CWGdkc2tFdEdLQmhTMzdJaXNsOGx1TkdtbVhYNHNlcThzck9Sb0tHLVVq?oc=5"" target=""_blank"">Ratusan Buruh Gelar Aksi di Kepatihan, Polisi Lakukan Pengamanan dan Kawal Audiensi</a>&nbsp;&nbsp;<font color=""#6f6f6f"">Polda DIY</font>",,2026-03-31T07:00:00+00:00,https://news.google.com/rss/articles/CBMi6AFBVV95cUxPeVZZbGxCODVKUlZwSnhZemVqd3kzMGJzNlpYSnk4VkM5ZER0LXE2dVdWR29WazU1Y0Y5X3VwWTJlVm9qN0REUEpOczhDSEpaRy15MXNtN08yd3VSQlFrN0hXQ0tvMDdvWGlpVEJNMm9PUl9meTJrMWxFQVI3S1VtUXZBUFBPaE13RHBMd09KZGotTUdHYmg2bWJGQ21ENHZhbTFsRXJkSk5ZNE9KZEpieGRvRlgxSTFmZkN0b09CWGdkc2tFdEdLQmhTMzdJaXNsOGx1TkdtbVhYNHNlcThzck9Sb0tHLVVq?oc=5,2026-08-21T03:15:14.072331+00:00
9debb15b2f2ec3165c9a156f,disnakertrans,Dinas Tenaga Kerja dan Transmigrasi DIY,berita,Harian Jogja,"Disnakertrans DIY Gelar Edukasi Verifikasi Data Serikat Buruh - Harian Jogja. <a href=""https://news.google.com/rss/articles/CBMioAFBVV95cUxOSlBLR1hQbTQ4SEVZc0dBM1VpSHR5aVZSckhjQkxYc0htS1hPYW4tRkx4bWRPMXR1S1hCTUJwUW9id2JIQm9DSHdpQUloY2FqX0NpT1BWQzBrU3JEU0E3eW5ER0J3cnNWTWgwLXJFU2NaT1ZvaU5Gd0xGVExVLWdDOHFrTk9Relp6YjFjZVYtM1ppVEdPTkI5MlkyWWZnbWV1?oc=5"" target=""_blank"">Disnakertrans DIY Gelar Edukasi Verifikasi Data Serikat Buruh</a>&nbsp;&nbsp;<font color=""#6f6f6f"">Harian Jogja</font>",,2026-07-23T07:00:00+00:00,https://news.google.com/rss/articles/CBMioAFBVV95cUxOSlBLR1hQbTQ4SEVZc0dBM1VpSHR5aVZSckhjQkxYc0htS1hPYW4tRkx4bWRPMXR1S1hCTUJwUW9id2JIQm9DSHdpQUloY2FqX0NpT1BWQzBrU3JEU0E3eW5ER0J3cnNWTWgwLXJFU2NaT1ZvaU5Gd0xGVExVLWdDOHFrTk9Relp6YjFjZVYtM1ppVEdPTkI5MlkyWWZnbWV1?oc=5,2026-08-21T03:15:14.072331+00:00
dfee40d6a1634248ccbf72a5,disnakertrans,Dinas Tenaga Kerja dan Transmigrasi DIY,berita,detikcom,"Disnakertrans DIY Terima Puluhan Aduan soal Pembayaran THR - detikcom. <a href=""https://news.google.com/rss/articles/CBMipgFBVV95cUxOSGdWSnUtWnBkRUdoMnJIb2ZhekpVcnFaSkx1Um52OUNlOW0zTGhzVEhrZlg3ZmlMLXlRODNoa3dxYlNOdkhmejZEa2Q4V3E2NDBGZEFOVzhlXzFMODlXSHBlZjE1QklGUHVwVjk0c251STlXWEpBR2p1MHlNN2xaa0JBT1BQTXF0UXltYV9CdFpQZUdQeG1LSklGUTFSQlFxWEZwYkVR0gGrAUFVX3lxTE1NM0JIam4zUWNzOVhCNWVoZHB6Q1dJbkttTThJeXQ2UTczVkIzbWhncVh4WU54VXJ0STFRZmJ1empBaVZ3TF9zcXp1S2pjZWJURFI0Y3BMSU5PVkE4TlNGbE9JVFRzdkprbWktZ1I3TGUzdlVLVFJpdm5HT25xYndKakh2a3lMRlhVQ3ZyTGtoX3FiTWRrX1dxSWtDTkREOUx3b0RnUXQyNFNNVQ?oc=5"" target=""_blank"">Disnakertrans DIY Terima Puluhan Aduan soal Pembayaran THR</a>&nbsp;&nbsp;<font color=""#6f6f6f"">detikcom</font>",,2026-03-16T07:00:00+00:00,https://news.google.com/rss/articles/CBMipgFBVV95cUxOSGdWSnUtWnBkRUdoMnJIb2ZhekpVcnFaSkx1Um52OUNlOW0zTGhzVEhrZlg3ZmlMLXlRODNoa3dxYlNOdkhmejZEa2Q4V3E2NDBGZEFOVzhlXzFMODlXSHBlZjE1QklGUHVwVjk0c251STlXWEpBR2p1MHlNN2xaa0JBT1BQTXF0UXltYV9CdFpQZUdQeG1LSklGUTFSQlFxWEZwYkVR0gGrAUFVX3lxTE1NM0JIam4zUWNzOVhCNWVoZHB6Q1dJbkttTThJeXQ2UTczVkIzbWhncVh4WU54VXJ0STFRZmJ1empBaVZ3TF9zcXp1S2pjZWJURFI0Y3BMSU5PVkE4TlNGbE9JVFRzdkprbWktZ1I3TGUzdlVLVFJpdm5HT25xYndKakh2a3lMRlhVQ3ZyTGtoX3FiTWRrX1dxSWtDTkREOUx3b0RnUXQyNFNNVQ?oc=5,2026-08-21T03:15:14.072331+00:00
170b657b5ff8e4bf07a35e3c,disnakertrans,Dinas Tenaga Kerja dan Transmigrasi DIY,berita,Kompas.com,"Ratusan Pekerja DIY Kena PHK, Disnakertrans Soroti Dugaan PHK Terselubung di Bantul - Kompas.com. <a href=""https://news.google.com/rss/articles/CBMi0wFBVV95cUxNYk04a0pGVF9qM0xrTFoycS1fdV9tUmtEQjdYT3FNREFLeEV2SDRhd0tETTBPaG9Fa1lRUW40YUZsN2xmZmxTd0l1Qm9WOWQybV9UZDlEZXBFMGhEM0tITWtLMDd6SjgzSUNVX3l3cVNvLVMtVmx2ajdMd1FZM3l4c2xoU1JmS2JvRFhmWE1ueTlqUlV1eEFhdGxZcXBvTGMxZV9mTkdIX3RrelJUUG5jLV9qVUF1Y2tMZXkzNmY1cUpUNVltWC1rQ1lZaDhPS2F6bWE4?oc=5"" target=""_blank"">Ratusan Pekerja DIY Kena PHK, Disnakertrans Soroti Dugaan PHK Terselubung di Bantul</a>&nbsp;&nbsp;<font color=""#6f6f6f"">Kompas.com</font>",,2026-06-28T07:00:00+00:00,https://news.google.com/rss/articles/CBMi0wFBVV95cUxNYk04a0pGVF9qM0xrTFoycS1fdV9tUmtEQjdYT3FNREFLeEV2SDRhd0tETTBPaG9Fa1lRUW40YUZsN2xmZmxTd0l1Qm9WOWQybV9UZDlEZXBFMGhEM0tITWtLMDd6SjgzSUNVX3l3cVNvLVMtVmx2ajdMd1FZM3l4c2xoU1JmS2JvRFhmWE1ueTlqUlV1eEFhdGxZcXBvTGMxZV9mTkdIX3RrelJUUG5jLV9qVUF1Y2tMZXkzNmY1cUpUNVltWC1rQ1lZaDhPS2F6bWE4?oc=5,2026-08-21T03:15:14.072331+00:00
e2dc7b6da79d7f548f659ee9,disnakertrans,Dinas Tenaga Kerja dan Transmigrasi DIY,berita,DPRD DIY,"Monitoring Hubungan Industrial, Komisi D Tinjau Kondisi Ketenagakerjaan di PT YTI Bantul - DPRD DIY. <a href=""https://news.google.com/rss/articles/CBMivgFBVV95cUxPWU9Hek9KT3BHREtwSURfanduRG5OT3dOSVBWQV9xZTJxZnZ1RTBIWU16RzNlZERwRUFCbW5zZ1otUElCbTNlamVWRzdtYUpWUVBON01NY1lsU3hyRFdpYXl6WWxrYjhFRVpvLVBmQ0luX0dkdTBveTFtOFk1SG9sQWh4UlQ2VkpyLUoxSHhzMXRadkVYUnZ6eUZfRnlqZjF2NlZ4eGktX0xZWWVIdWtMcWNvTmc0OG1lTWY5aTFR?oc=5"" target=""_blank"">Monitoring Hubungan Industrial, Komisi D Tinjau Kondisi Ketenagakerjaan di PT YTI Bantul</a>&nbsp;&nbsp;<font color=""#6f6f6f"">DPRD DIY</font>",,2026-06-19T08:28:31+00:00,https://news.google.com/rss/articles/CBMivgFBVV95cUxPWU9Hek9KT3BHREtwSURfanduRG5OT3dOSVBWQV9xZTJxZnZ1RTBIWU16RzNlZERwRUFCbW5zZ1otUElCbTNlamVWRzdtYUpWUVBON01NY1lsU3hyRFdpYXl6WWxrYjhFRVpvLVBmQ0luX0dkdTBveTFtOFk1SG9sQWh4UlQ2VkpyLUoxSHhzMXRadkVYUnZ6eUZfRnlqZjF2NlZ4eGktX0xZWWVIdWtMcWNvTmc0OG1lTWY5aTFR?oc=5,2026-08-21T03:15:14.072331+00:00
3d44380ff63b32d915a31ca2,disnakertrans,Dinas Tenaga Kerja dan Transmigrasi DIY,berita,Pemerintah Kota Yogyakarta,"Penanganan Gepeng di Kota Yogya, Tangani Orangnya dan Edukasi Masyarakat - Pemerintah Kota Yogyakarta. <a href=""https://news.google.com/rss/articles/CBMiywFBVV95cUxNZ0Q3LXB3TzcxZVRVdE81dkxBckRjZ1M0M1Jnc21KZnpPbG1vQ1JTSnEyOGtjWl9XUUpuT1dHWWxzM2QxQmplc1p0WEZ5MDRkZG1wVUhtVklwMl9ocVB3dERoRnJLbFhha2hzckNzdFhHTGh4NEpONUFqOWswLVMxandUc0NKQWNXVm51VE43Z1ZYc1NGVlI2MGZEUmFOaU9KU1VQNk9lczRKOHBObG5pa3RYMElGRGswNU0xOWNJNjN5eXp3YjZHQkxJaw?oc=5"" target=""_blank"">Penanganan Gepeng di Kota Yogya, Tangani Orangnya dan Edukasi Masyarakat</a>&nbsp;&nbsp;<font color=""#6f6f6f"">Pemerintah Kota Yogyakarta</font>",,2026-06-23T07:00:00+00:00,https://news.google.com/rss/articles/CBMiywFBVV95cUxNZ0Q3LXB3TzcxZVRVdE81dkxBckRjZ1M0M1Jnc21KZnpPbG1vQ1JTSnEyOGtjWl9XUUpuT1dHWWxzM2QxQmplc1p0WEZ5MDRkZG1wVUhtVklwMl9ocVB3dERoRnJLbFhha2hzckNzdFhHTGh4NEpONUFqOWswLVMxandUc0NKQWNXVm51VE43Z1ZYc1NGVlI2MGZEUmFOaU9KU1VQNk9lczRKOHBObG5pa3RYMElGRGswNU0xOWNJNjN5eXp3YjZHQkxJaw?oc=5,2026-08-21T03:15:14.072331+00:00
c8dc2e15e928028edc654c90,disnakertrans,Dinas Tenaga Kerja dan Transmigrasi DIY,berita,Kompas.tv,"Pemagangan Dalam Negeri 2026 Dibuka! Disnakertrans DIY Tawarkan Segudang Benefit, Simak Detilnya - Kompas.tv. <a href=""https://news.google.com/rss/articles/CBMiywFBVV95cUxQaXVzc0JYT2s4bDg1WHBDYThhanBNUGxZbVJEd2FQcV8wR2Jsd05CVXZmR3pmbVpMdTVvbzhpSURwQm84M0lkT2ZmM0Z0T2F3QU8xWjdQVS1zV3Y1Wk5wc29WbkQxMG5MWklzMVdGc0tiTUVaQ0hNVEpqd0dqLTA3S2Q2eDRiVE5pZUpFdk95aG5vVXBNY25qNkJITkhqRDRaWXpfaFJFd0VnNGNrcm53SWlYdVNIamRocTVLbUt2OTZGbFl1VHg5NHRCb9IB0AFBVV95cUxNQTI4YVN3RGNqdWc0dEFndlU3Q3JyQkJsdGlTLWNXOHhlV3gwLUEtQmE2ZkRfXzBBOUc3ZC0zUEZ0c3hFOG1NdWVXSkZPb3BRRlRmeFNQWW4zRUNjck42aHNQZ29qWEhiLXpjcU5uZlZfSEdObGRzaVZzSThuN2JTMlVFem9qRTJiWjdpdmctT1JVR1ZmY0hIdjVjWGxMdnFLZ0xrVlVPTkZCVlVJOGRDYnEtaV9DMWhXaEJNYnNoRWRMT3lSTVJIZjFVekZHS3FO?oc=5"" target=""_blank"">Pemagangan Dalam Negeri 2026 Dibuka! Disnakertrans DIY Tawarkan Segudang Benefit, Simak Detilnya</a>&nbsp;&nbsp;<font color=""#6f6f6f"">Kompas.tv</font>",,2026-04-15T07:00:00+00:00,https://news.google.com/rss/articles/CBMiywFBVV95cUxQaXVzc0JYT2s4bDg1WHBDYThhanBNUGxZbVJEd2FQcV8wR2Jsd05CVXZmR3pmbVpMdTVvbzhpSURwQm84M0lkT2ZmM0Z0T2F3QU8xWjdQVS1zV3Y1Wk5wc29WbkQxMG5MWklzMVdGc0tiTUVaQ0hNVEpqd0dqLTA3S2Q2eDRiVE5pZUpFdk95aG5vVXBNY25qNkJITkhqRDRaWXpfaFJFd0VnNGNrcm53SWlYdVNIamRocTVLbUt2OTZGbFl1VHg5NHRCb9IB0AFBVV95cUxNQTI4YVN3RGNqdWc0dEFndlU3Q3JyQkJsdGlTLWNXOHhlV3gwLUEtQmE2ZkRfXzBBOUc3ZC0zUEZ0c3hFOG1NdWVXSkZPb3BRRlRmeFNQWW4zRUNjck42aHNQZ29qWEhiLXpjcU5uZlZfSEdObGRzaVZzSThuN2JTMlVFem9qRTJiWjdpdmctT1JVR1ZmY0hIdjVjWGxMdnFLZ0xrVlVPTkZCVlVJOGRDYnEtaV9DMWhXaEJNYnNoRWRMT3lSTVJIZjFVekZHS3FO?oc=5,2026-08-21T03:15:14.072331+00:00
3b2ccff1456e8be242da811f,disnakertrans,Dinas Tenaga Kerja dan Transmigrasi DIY,berita,Polda DIY,"Aksi Buruh di Kepatihan Berjalan Tertib, Polisi Pastikan Pengamanan Humanis - Polda DIY. <a href=""https://news.google.com/rss/articles/CBMi1wFBVV95cUxQX0pla1FZUjhaa0VobEpFeTB6a3VwZDMzUFRuTU00c3VfSHpEdm0wRVlYSVEwelJNNm50eDBsU0hHVnJWSVRsZFpUMkRoc1N4WmhxZlBtM0s4c0ZVUVc4aGdxOG5YNkxRaTNMRjNVNzQyT3RjUlBIT3hidkZxTXJvZl9fUnlYeTBYM0ZMRFF0bU13UTlHQjFMZ0xhVzREQmt6MlNDTVJwRTRVNVQwRHJzX0hldGlQaEJpX1J2dzgwOHdFd1RaNFB6bF9UbkN2cVpQVjU5b1ZOQQ?oc=5"" target=""_blank"">Aksi Buruh di Kepatihan Berjalan Tertib, Polisi Pastikan Pengamanan Humanis</a>&nbsp;&nbsp;<font color=""#6f6f6f"">Polda DIY</font>",,2026-03-31T07:00:00+00:00,https://news.google.com/rss/articles/CBMi1wFBVV95cUxQX0pla1FZUjhaa0VobEpFeTB6a3VwZDMzUFRuTU00c3VfSHpEdm0wRVlYSVEwelJNNm50eDBsU0hHVnJWSVRsZFpUMkRoc1N4WmhxZlBtM0s4c0ZVUVc4aGdxOG5YNkxRaTNMRjNVNzQyT3RjUlBIT3hidkZxTXJvZl9fUnlYeTBYM0ZMRFF0bU13UTlHQjFMZ0xhVzREQmt6MlNDTVJwRTRVNVQwRHJzX0hldGlQaEJpX1J2dzgwOHdFd1RaNFB6bF9UbkN2cVpQVjU5b1ZOQQ?oc=5,2026-08-21T03:15:14.072331+00:00
3c4623f346ea524125b3d61b,disnakertrans,Dinas Tenaga Kerja dan Transmigrasi DIY,berita,detikcom,"Pemda DIY Pelototi 120 Perusahaan yang Tahun Lalu Tunggak THR - detikcom. <a href=""https://news.google.com/rss/articles/CBMiqgFBVV95cUxQenIwVV9Mel9UbmRFdldpQ1A4d1doOXotWFdVVEdBc2gtcEItdzRTTXlNSEJ3REJMUUJaSEt0OGNKMW13eW5JNjhYd0RLa3NKM29PMUMtNjhmNFBxQkJCaTJTVDZ1Nk1YdlBvcnRURmZBZmZwTk5xd21jVGtnWjl1YmluYm5OVkQ2ZkQxTXM0R3Z2R3poOTBMTFp2M25Zd2JLUVJNRjlTZzcyQdIBrwFBVV95cUxNYlI3Rm5rQzYyVjJ3ZG55Tkx2RFp6X09CQm5COXJ1dVVaaWFpV3o3SHpPNEhDNTNsRW5UUkdZYVdJV1BwdWdLMjVUV19oazdZcEtTQmE1MXE1dEhnZ2gzblo0QXJ5Rm1JaHJlcWpQb0VtVGg4am44RGx2SjRTa0NoaWpUdGgwRWtERG1hYzNWWHNnSTNWXzd5OXB5UnpHcjQ4bDdQVU53QWhuWmlrN3Q0?oc=5"" target=""_blank"">Pemda DIY Pelototi 120 Perusahaan yang Tahun Lalu Tunggak THR</a>&nbsp;&nbsp;<font color=""#6f6f6f"">detikcom</font>",,2026-03-05T08:00:00+00:00,https://news.google.com/rss/articles/CBMiqgFBVV95cUxQenIwVV9Mel9UbmRFdldpQ1A4d1doOXotWFdVVEdBc2gtcEItdzRTTXlNSEJ3REJMUUJaSEt0OGNKMW13eW5JNjhYd0RLa3NKM29PMUMtNjhmNFBxQkJCaTJTVDZ1Nk1YdlBvcnRURmZBZmZwTk5xd21jVGtnWjl1YmluYm5OVkQ2ZkQxTXM0R3Z2R3poOTBMTFp2M25Zd2JLUVJNRjlTZzcyQdIBrwFBVV95cUxNYlI3Rm5rQzYyVjJ3ZG55Tkx2RFp6X09CQm5COXJ1dVVaaWFpV3o3SHpPNEhDNTNsRW5UUkdZYVdJV1BwdWdLMjVUV19oazdZcEtTQmE1MXE1dEhnZ2gzblo0QXJ5Rm1JaHJlcWpQb0VtVGg4am44RGx2SjRTa0NoaWpUdGgwRWtERG1hYzNWWHNnSTNWXzd5OXB5UnpHcjQ4bDdQVU53QWhuWmlrN3Q0?oc=5,2026-08-21T03:15:14.072331+00:00
3b5ee706228a86a1f87f8785,disnakertrans,Dinas Tenaga Kerja dan Transmigrasi DIY,berita,Harian Jogja,"Pengangguran DIY Turun, Pariwisata dan UMKM Serap Banyak Tenaga Kerja - Harian Jogja. <a href=""https://news.google.com/rss/articles/CBMitgFBVV95cUxNUXkwaDZ1S0RtUjRyTVZfUUF1ckk5bkpST3k2SHNNN1BzSkJMS3dXWHVaeC03aFlHOUtRYmQ5WDVscHNRRFVVNE9RdVBBMURLVlppNkFfcmsyVFJPRnQ2QTJ2dktRc3JDUUE5NWo0US1RRDdfbm9fVENjVGl0RGZyU2x5MGxDS1A1NkNoVG94b29VMnNMQ2dkYlAxX25nMTZIYjh5R09XRHpTd0J1bHBIdU9EcmctQQ?oc=5"" target=""_blank"">Pengangguran DIY Turun, Pariwisata dan UMKM Serap Banyak Tenaga Kerja</a>&nbsp;&nbsp;<font color=""#6f6f6f"">Harian Jogja</font>",,2026-05-21T07:00:00+00:00,https://news.google.com/rss/articles/CBMitgFBVV95cUxNUXkwaDZ1S0RtUjRyTVZfUUF1ckk5bkpST3k2SHNNN1BzSkJMS3dXWHVaeC03aFlHOUtRYmQ5WDVscHNRRFVVNE9RdVBBMURLVlppNkFfcmsyVFJPRnQ2QTJ2dktRc3JDUUE5NWo0US1RRDdfbm9fVENjVGl0RGZyU2x5MGxDS1A1NkNoVG94b29VMnNMQ2dkYlAxX25nMTZIYjh5R09XRHpTd0J1bHBIdU9EcmctQQ?oc=5,2026-08-21T03:15:14.072331+00:00
60b2218f842fb283d227cd51,disnakertrans,Dinas Tenaga Kerja dan Transmigrasi DIY,berita,Harian Jogja,"BPJS Ketenagakerjaan Gelar Klaim JHT Massal Bagi Pekerja PT MTG Jogja - Harian Jogja. <a href=""https://news.google.com/rss/articles/CBMitwFBVV95cUxOaXk0cXQxQ1Rva3BqSGQ5SHJTWkp5SEgySE16S19yR1FmejJ6bkRUU2cwUkdqSEF0aUlPRUxydi1FdGpWSDlBOTg2TGp6cnEyV1NYcjI3UFlvUTY0Vm5aLW9neWQ1R25BZ3VUbDJhMnpTYzVOMlZoLTNjdGhlTkF3MTBjUUdDQnBzZGlrY3pBaUJnZTZzeTRSaS02TF9CLVEwZ0ZjVmhBYjI0OGZDVkNMbEZSX2lBMUU?oc=5"" target=""_blank"">BPJS Ketenagakerjaan Gelar Klaim JHT Massal Bagi Pekerja PT MTG Jogja</a>&nbsp;&nbsp;<font color=""#6f6f6f"">Harian Jogja</font>",,2026-05-12T07:00:00+00:00,https://news.google.com/rss/articles/CBMitwFBVV95cUxOaXk0cXQxQ1Rva3BqSGQ5SHJTWkp5SEgySE16S19yR1FmejJ6bkRUU2cwUkdqSEF0aUlPRUxydi1FdGpWSDlBOTg2TGp6cnEyV1NYcjI3UFlvUTY0Vm5aLW9neWQ1R25BZ3VUbDJhMnpTYzVOMlZoLTNjdGhlTkF3MTBjUUdDQnBzZGlrY3pBaUJnZTZzeTRSaS02TF9CLVEwZ0ZjVmhBYjI0OGZDVkNMbEZSX2lBMUU?oc=5,2026-08-21T03:15:14.072331+00:00
fa6fdc610a34a72f0a02569f,disnakertrans,Dinas Tenaga Kerja dan Transmigrasi DIY,berita,Harian Jogja,"Pemda DIY Tekan Pengangguran Lewat Job Fair 2026, Ada 2.671 Lowongan - Harian Jogja. <a href=""https://news.google.com/rss/articles/CBMipwFBVV95cUxPcVNqemV2MkhEV1JNa2w2ajEzcVo5LXJpVDgyRUhkOGtZNERGM1JoVFQ5eTg1cHRycWptcHF4eGd0U21jY3V5OGdPaHFhak90aTZSTlZXMXBHeGhtTjZXVGN0SjRKWkNPTzFfNXlsR1dXN2hVZ25fUlpYRHNDVHFHOXJMTnNZSG54N0thQTFFRlUyZXhsYlJpVThMYlZsV0NEamx2a1pNSQ?oc=5"" target=""_blank"">Pemda DIY Tekan Pengangguran Lewat Job Fair 2026, Ada 2.671 Lowongan</a>&nbsp;&nbsp;<font color=""#6f6f6f"">Harian Jogja</font>",,2026-06-10T07:00:00+00:00,https://news.google.com/rss/articles/CBMipwFBVV95cUxPcVNqemV2MkhEV1JNa2w2ajEzcVo5LXJpVDgyRUhkOGtZNERGM1JoVFQ5eTg1cHRycWptcHF4eGd0U21jY3V5OGdPaHFhak90aTZSTlZXMXBHeGhtTjZXVGN0SjRKWkNPTzFfNXlsR1dXN2hVZ25fUlpYRHNDVHFHOXJMTnNZSG54N0thQTFFRlUyZXhsYlJpVThMYlZsV0NEamx2a1pNSQ?oc=5,2026-08-21T03:15:14.072331+00:00
0d4a4afe32ea5324f0bf94dd,disnakertrans,Dinas Tenaga Kerja dan Transmigrasi DIY,berita,Harian Jogja,"Disnakertrans DIY Dorong Penyandang Disabilitas Naik Kelas - Harian Jogja. <a href=""https://news.google.com/rss/articles/CBMinAFBVV95cUxQMzdGVHAtM0NZaFQ5dl9Jd1VNbDBxMkRCWXR3ZEktVmlja0lRdnE4VVdIaVVOQ1h6eEZwT3hPN3JIT3ZFSEFLLXQwb0p0WmtwZjNQcVVrMnJqQ28waE9FTnpMNHhDUlNkbmtmTFdPaGVKNVBLajkySnA5SExaUllUX2hmdTBLYTV2UWdyY1kxODRhc1Zja2RVYVc3QUE?oc=5"" target=""_blank"">Disnakertrans DIY Dorong Penyandang Disabilitas Naik Kelas</a>&nbsp;&nbsp;<font color=""#6f6f6f"">Harian Jogja</font>",,2026-05-18T07:00:00+00:00,https://news.google.com/rss/articles/CBMinAFBVV95cUxQMzdGVHAtM0NZaFQ5dl9Jd1VNbDBxMkRCWXR3ZEktVmlja0lRdnE4VVdIaVVOQ1h6eEZwT3hPN3JIT3ZFSEFLLXQwb0p0WmtwZjNQcVVrMnJqQ28waE9FTnpMNHhDUlNkbmtmTFdPaGVKNVBLajkySnA5SExaUllUX2hmdTBLYTV2UWdyY1kxODRhc1Zja2RVYVc3QUE?oc=5,2026-08-21T03:15:14.072331+00:00
263e47f91bb6a968e6c275b5,disnakertrans,Dinas Tenaga Kerja dan Transmigrasi DIY,berita,Harian Jogja,"DIY Buka Rekrutmen Magang Dalam Negeri hingga 30 April, Ini Syaratnya - Harian Jogja. <a href=""https://news.google.com/rss/articles/CBMitgFBVV95cUxOUnRvdUNUUGZ0RmQ1OEkxeks1cmZvYVZLX0FiQmVUdVY5UTIzY0d0ZzluZS0xT1NZN1dvTTBPWkV1aWQyckhKLVdMelJzRXUxVzhYbEtTS3VvVGZGQl9zR0NHTTU1NHMxcWJXWmw4WldYWDNRVU5wMjJJeGI1aGhocVd4bWxLR2FVZ3JQajBKZ1hnVGd0dUt1VExfMTNHSURDbFp3M2ZtQkpwNy1DS3JlcFlNenlIUQ?oc=5"" target=""_blank"">DIY Buka Rekrutmen Magang Dalam Negeri hingga 30 April, Ini Syaratnya</a>&nbsp;&nbsp;<font color=""#6f6f6f"">Harian Jogja</font>",,2026-04-13T07:00:00+00:00,https://news.google.com/rss/articles/CBMitgFBVV95cUxOUnRvdUNUUGZ0RmQ1OEkxeks1cmZvYVZLX0FiQmVUdVY5UTIzY0d0ZzluZS0xT1NZN1dvTTBPWkV1aWQyckhKLVdMelJzRXUxVzhYbEtTS3VvVGZGQl9zR0NHTTU1NHMxcWJXWmw4WldYWDNRVU5wMjJJeGI1aGhocVd4bWxLR2FVZ3JQajBKZ1hnVGd0dUt1VExfMTNHSURDbFp3M2ZtQkpwNy1DS3JlcFlNenlIUQ?oc=5,2026-08-21T03:15:14.072331+00:00
d84054fb161dcc21751db8bc,disnakertrans,Dinas Tenaga Kerja dan Transmigrasi DIY,berita,Harian Jogja,"Pelatihan Menjahit Disnaker DIY Siapkan Ibu-ibu Buka Usaha - Harian Jogja. <a href=""https://news.google.com/rss/articles/CBMinAFBVV95cUxQVFJGYlBfU2hBV0FkdkxoTlpHb05lT2t2bkhYYVUyb1R4cnRUZDl2RVVDTHUxR19mOHpjVzZKb1hYSmttWlJYeWxIRnphN1ZfTWFJMWQ4c2N2c3N3Y3pwNkdTR0NrV0ljNVR2d2l2M3BoelZCbXdQUVp4T1VKUFFweFFvVmdHRjVRVFBhbnpQMldGQWtJUjFIVkliY3Q?oc=5"" target=""_blank"">Pelatihan Menjahit Disnaker DIY Siapkan Ibu-ibu Buka Usaha</a>&nbsp;&nbsp;<font color=""#6f6f6f"">Harian Jogja</font>",,2026-05-12T07:00:00+00:00,https://news.google.com/rss/articles/CBMinAFBVV95cUxQVFJGYlBfU2hBV0FkdkxoTlpHb05lT2t2bkhYYVUyb1R4cnRUZDl2RVVDTHUxR19mOHpjVzZKb1hYSmttWlJYeWxIRnphN1ZfTWFJMWQ4c2N2c3N3Y3pwNkdTR0NrV0ljNVR2d2l2M3BoelZCbXdQUVp4T1VKUFFweFFvVmdHRjVRVFBhbnpQMldGQWtJUjFIVkliY3Q?oc=5,2026-08-21T03:15:14.072331+00:00
1df56c4c5c73457ae74787fd,disnakertrans,Dinas Tenaga Kerja dan Transmigrasi DIY,berita,Harian Jogja,"Efisiensi Picu PHK di DIY, Ratusan Pekerja Terdampak - Harian Jogja. <a href=""https://news.google.com/rss/articles/CBMinwFBVV95cUxPeW1zWjh5UVBoMnoxOWZIWHZXUTA5SXIxTHI4QURONVdOYU10eGt2YUM3aGMwcUtXSmZaVWpMR1kxemtnaWRHTFpJRjl5V2luYml5Slk3ZEJvSjNPX001MDBQZVhEUjY1MDZQbDA5aXJ1eXk4aEhETnNfNldQTldtVWxwQWdUZlZzRFZYNzhQWjV0VDVJM3NFakhlbEtWcHc?oc=5"" target=""_blank"">Efisiensi Picu PHK di DIY, Ratusan Pekerja Terdampak</a>&nbsp;&nbsp;<font color=""#6f6f6f"">Harian Jogja</font>",,2026-04-14T07:00:00+00:00,https://news.google.com/rss/articles/CBMinwFBVV95cUxPeW1zWjh5UVBoMnoxOWZIWHZXUTA5SXIxTHI4QURONVdOYU10eGt2YUM3aGMwcUtXSmZaVWpMR1kxemtnaWRHTFpJRjl5V2luYml5Slk3ZEJvSjNPX001MDBQZVhEUjY1MDZQbDA5aXJ1eXk4aEhETnNfNldQTldtVWxwQWdUZlZzRFZYNzhQWjV0VDVJM3NFakhlbEtWcHc?oc=5,2026-08-21T03:15:14.072331+00:00
dd33de3e3b469fb00bfd64eb,disnakertrans,Dinas Tenaga Kerja dan Transmigrasi DIY,berita,MetroTVNews.com,"67 Perusahaan di DIY Dilaporkan Belum Bayar THR - MetroTVNews.com. <a href=""https://news.google.com/rss/articles/CBMikwFBVV95cUxPa0Z5ZXdLY2Q3aHRmNENkRFdYZDJYZmZEdnQ5Ym9jd1N4dXAxcVMwY3lHT0t4QVFuSFVMVXhHQjRDUG1WYmROSFBla1AtN3dvV1drLV90OThFbjF3VV84UGJwRWc3dWFHeUc5NExpenhOSUNLeEwxM0ZJY0h1N01hX2NMR2FDNUU2V0ptazFqT05JOXc?oc=5"" target=""_blank"">67 Perusahaan di DIY Dilaporkan Belum Bayar THR</a>&nbsp;&nbsp;<font color=""#6f6f6f"">MetroTVNews.com</font>",,2026-03-28T07:00:00+00:00,https://news.google.com/rss/articles/CBMikwFBVV95cUxPa0Z5ZXdLY2Q3aHRmNENkRFdYZDJYZmZEdnQ5Ym9jd1N4dXAxcVMwY3lHT0t4QVFuSFVMVXhHQjRDUG1WYmROSFBla1AtN3dvV1drLV90OThFbjF3VV84UGJwRWc3dWFHeUc5NExpenhOSUNLeEwxM0ZJY0h1N01hX2NMR2FDNUU2V0ptazFqT05JOXc?oc=5,2026-08-21T03:15:14.072331+00:00
6995427fb8759c6b01b62fdd,disnakertrans,Dinas Tenaga Kerja dan Transmigrasi DIY,berita,MetroTVNews.com,"Perusahaan di DIY Diimbau Bayar THR Maksimal H-7 Lebaran - MetroTVNews.com. <a href=""https://news.google.com/rss/articles/CBMinwFBVV95cUxOVDBtRHhsLWQ2VGtXT0d0MHFiZzJBa09ZaEMzblJycEpLM18xZWpqZDZLanBtaFpJTUdoWjBOUnB5RlY0ZmhDN29SbEVmUzZ4YWwySzV5QXFQVVVIVFhrYy10MEpmRkNsLWxIUFlqTGQtNGxYUV9YWkdfY2lmNUxfWFU3dThtNnA0d012T2FZS1JKWVFYd0gxSXZrS0EzSUE?oc=5"" target=""_blank"">Perusahaan di DIY Diimbau Bayar THR Maksimal H-7 Lebaran</a>&nbsp;&nbsp;<font color=""#6f6f6f"">MetroTVNews.com</font>",,2026-03-02T08:00:00+00:00,https://news.google.com/rss/articles/CBMinwFBVV95cUxOVDBtRHhsLWQ2VGtXT0d0MHFiZzJBa09ZaEMzblJycEpLM18xZWpqZDZLanBtaFpJTUdoWjBOUnB5RlY0ZmhDN29SbEVmUzZ4YWwySzV5QXFQVVVIVFhrYy10MEpmRkNsLWxIUFlqTGQtNGxYUV9YWkdfY2lmNUxfWFU3dThtNnA0d012T2FZS1JKWVFYd0gxSXZrS0EzSUE?oc=5,2026-08-21T03:15:14.072331+00:00
3e5e464ef99e81e63180161f,disnakertrans,Dinas Tenaga Kerja dan Transmigrasi DIY,berita,radarpurworejo.jawapos.com,"Job Fair di Jogja Diserbu 1.858 Pencari Kerja, Pemkot Targetkan Minilam 50 Orang Diterima - radarpurworejo.jawapos.com. <a href=""https://news.google.com/rss/articles/CBMi3AFBVV95cUxOenE2OVJmbTF4VEw5UXdXWjgxNHBrbGNYYmRKN3FNSU1sOEI1WDNPWmw4UkN3cE1zOElBS2toWVJSYTZRUlZNRFc1dEg5aU9Dd3l5X2NiSXpZMU5Vc0x2WkRMb0xkNXhLZnhIbUxhVEhGd19idmRNcGRQemhMWE80cnkxX1R4cWZVR3ZJaHFaRVI5aXhWeW44YnRCZFRaN0JiQnhQdUcyMkx3RGNRaWVfMVV4OVllMmFER2ZuMmJzbVA4bGdfSzJpVjZQLUlwSTNYUUpPZTBNRi1yUnVl0gHiAUFVX3lxTE04RzFNZ1pVTnZXa2otbi00S29wLTM0MUgtZjd2Z1dzNERMXzB1LVZvOUo5Q2o1MXI4eG5CSjU4cUtreG81M3h6cHcyM3NjUEdwRXVUWlFtcWtfODVJdDhlVEgybUNwTVMzTktzY01mcUZfcEhzdjJ2UVpZbVQ2VEFCbUhFOVpSSnZrRnVmcnQ1eVJ2QWpjbmRGb0MteDh1VlB5YjdILTY1Zk0tVWFRbXg4Zm1lUFd1NUhZdDBrYzZyWlhDbWhncVlmU2Rkcl9ZRGl3VDd4ZVF2UGlQUlhabUw1Zmc?oc=5"" target=""_blank"">Job Fair di Jogja Diserbu 1.858 Pencari Kerja, Pemkot Targetkan Minilam 50 Orang Diterima</a>&nbsp;&nbsp;<font color=""#6f6f6f"">radarpurworejo.jawapos.com</font>",,2026-07-21T07:00:00+00:00,https://news.google.com/rss/articles/CBMi3AFBVV95cUxOenE2OVJmbTF4VEw5UXdXWjgxNHBrbGNYYmRKN3FNSU1sOEI1WDNPWmw4UkN3cE1zOElBS2toWVJSYTZRUlZNRFc1dEg5aU9Dd3l5X2NiSXpZMU5Vc0x2WkRMb0xkNXhLZnhIbUxhVEhGd19idmRNcGRQemhMWE80cnkxX1R4cWZVR3ZJaHFaRVI5aXhWeW44YnRCZFRaN0JiQnhQdUcyMkx3RGNRaWVfMVV4OVllMmFER2ZuMmJzbVA4bGdfSzJpVjZQLUlwSTNYUUpPZTBNRi1yUnVl0gHiAUFVX3lxTE04RzFNZ1pVTnZXa2otbi00S29wLTM0MUgtZjd2Z1dzNERMXzB1LVZvOUo5Q2o1MXI4eG5CSjU4cUtreG81M3h6cHcyM3NjUEdwRXVUWlFtcWtfODVJdDhlVEgybUNwTVMzTktzY01mcUZfcEhzdjJ2UVpZbVQ2VEFCbUhFOVpSSnZrRnVmcnQ1eVJ2QWpjbmRGb0MteDh1VlB5YjdILTY1Zk0tVWFRbXg4Zm1lUFd1NUhZdDBrYzZyWlhDbWhncVlmU2Rkcl9ZRGl3VDd4ZVF2UGlQUlhabUw1Zmc?oc=5,2026-08-21T03:15:14.073346+00:00
dd892a745b7ffc70c35b6131,disnakertrans,Dinas Tenaga Kerja dan Transmigrasi DIY,berita,detikcom,"Buruh Garmen di Kalasan Geruduk Kantor Gubernur DIY Buntut 3 Bulan Tak Digaji - detikcom. <a href=""https://news.google.com/rss/articles/CBMivwFBVV95cUxNMkg2bU83Wl9aSUFtYlBlcHVQZERVdTJ3NjBmOXZCUEVBYXJFR1B4dnhvR3hFS3RyeTZhYWZlS2dvOGpZUklJUk92a2N4QkNPYWJtWjB6OFV3YVIyeU9kOHRDTjRKWHB2Z1pRZ3g4ekpKaDFWWEd0M0tfVjFia0R1ZlRQU0pfRE1weVhHVHJIanhiZkxlVHB6MjRIM0M2UlpLWE5QejFiUXBVMWgwTHJrN2N4TGgxWmhfZFdqajVRUdIBxAFBVV95cUxPZ2NsXzFGWEZSaFIwa1d0R1lwNTBMdUFkRDMtS1A0MU16VmlybWtkSE4tYVhDaXhfa1plMXVJZkJOTTZnZ3JpY2FXdmFSSlp5bVdNTlo0S3FqZk1tTU4xeHVfZXpOaHJHRFkwYXM5U01Ca09CVVFmV0JIRld4RTdOM0xwblVucktRaFNCbzZlUkVrbFk5ZkZqdVdxbEFNYlpZTU9TRllaOFkyUGw2RFFRdDlsVVNxUFdaWHFXUmdMQXl0LVdS?oc=5"" target=""_blank"">Buruh Garmen di Kalasan Geruduk Kantor Gubernur DIY Buntut 3 Bulan Tak Digaji</a>&nbsp;&nbsp;<font color=""#6f6f6f"">detikcom</font>",,2026-03-31T07:00:00+00:00,https://news.google.com/rss/articles/CBMivwFBVV95cUxNMkg2bU83Wl9aSUFtYlBlcHVQZERVdTJ3NjBmOXZCUEVBYXJFR1B4dnhvR3hFS3RyeTZhYWZlS2dvOGpZUklJUk92a2N4QkNPYWJtWjB6OFV3YVIyeU9kOHRDTjRKWHB2Z1pRZ3g4ekpKaDFWWEd0M0tfVjFia0R1ZlRQU0pfRE1weVhHVHJIanhiZkxlVHB6MjRIM0M2UlpLWE5QejFiUXBVMWgwTHJrN2N4TGgxWmhfZFdqajVRUdIBxAFBVV95cUxPZ2NsXzFGWEZSaFIwa1d0R1lwNTBMdUFkRDMtS1A0MU16VmlybWtkSE4tYVhDaXhfa1plMXVJZkJOTTZnZ3JpY2FXdmFSSlp5bVdNTlo0S3FqZk1tTU4xeHVfZXpOaHJHRFkwYXM5U01Ca09CVVFmV0JIRld4RTdOM0xwblVucktRaFNCbzZlUkVrbFk5ZkZqdVdxbEFNYlpZTU9TRllaOFkyUGw2RFFRdDlsVVNxUFdaWHFXUmdMQXl0LVdS?oc=5,2026-08-21T03:15:14.073346+00:00
3c8eb1f32a4dff805320d5d2,disnakertrans,Dinas Tenaga Kerja dan Transmigrasi DIY,berita,Herald ID,"Belum Ada Aduan THR 2026, Disnakertrans DIY Catat 11 Perusahaan Kena Sanksi Tahun Lalu - Herald ID. <a href=""https://news.google.com/rss/articles/CBMitgFBVV95cUxNY2xYdElneXpjSWNGOU9fRzB6X3h2amNfWjZaM082TVNvS2NmY0NvQWQtdVdlTTFNNVBPWEdWQk1rb2pDWXJINGlpN0I5SkFJemhGVlpzQU1XLWlaSTZaN2Q4OC0wVU5jekVydGRBVjFDMjk4V1Q0NVc5bVpGM1dLdFBrZUhmT1dBWVY0SFgwN1d0RlRqcWNsVm9VQXllcjYyMmpWbHBNckdMYjZiRUgxQ281TTJKUQ?oc=5"" target=""_blank"">Belum Ada Aduan THR 2026, Disnakertrans DIY Catat 11 Perusahaan Kena Sanksi Tahun Lalu</a>&nbsp;&nbsp;<font color=""#6f6f6f"">Herald ID</font>",,2026-03-03T08:00:00+00:00,https://news.google.com/rss/articles/CBMitgFBVV95cUxNY2xYdElneXpjSWNGOU9fRzB6X3h2amNfWjZaM082TVNvS2NmY0NvQWQtdVdlTTFNNVBPWEdWQk1rb2pDWXJINGlpN0I5SkFJemhGVlpzQU1XLWlaSTZaN2Q4OC0wVU5jekVydGRBVjFDMjk4V1Q0NVc5bVpGM1dLdFBrZUhmT1dBWVY0SFgwN1d0RlRqcWNsVm9VQXllcjYyMmpWbHBNckdMYjZiRUgxQ281TTJKUQ?oc=5,2026-08-21T03:15:14.073346+00:00
bac176ef506579a8e0eedb83,disnakertrans,Dinas Tenaga Kerja dan Transmigrasi DIY,berita,fornews.co,"Aksi May Day di Jogja “Mei Melawan” - fornews.co. <a href=""https://news.google.com/rss/articles/CBMiakFVX3lxTE9UOUducENlVlAyREtsNTRUeWc4MFpaRG13UnRoa1puM1lWa0d1NkhPeG5OcWdTQm1mOGtpX3R0UWVhLW1Uckc1djdyOWdaTU9iZFo3cFY0My1sQ1FuSkZrZnJUZ2FhcmpTS3c?oc=5"" target=""_blank"">Aksi May Day di Jogja “Mei Melawan”</a>&nbsp;&nbsp;<font color=""#6f6f6f"">fornews.co</font>",,2026-05-02T07:00:00+00:00,https://news.google.com/rss/articles/CBMiakFVX3lxTE9UOUducENlVlAyREtsNTRUeWc4MFpaRG13UnRoa1puM1lWa0d1NkhPeG5OcWdTQm1mOGtpX3R0UWVhLW1Uckc1djdyOWdaTU9iZFo3cFY0My1sQ1FuSkZrZnJUZ2FhcmpTS3c?oc=5,2026-08-21T03:15:14.073346+00:00
5bdbfda4fbfd16f881b6a6d5,disnakertrans,Dinas Tenaga Kerja dan Transmigrasi DIY,berita,IDN Times Jogja,"Cara Daftar Pelatihan Kerja Gratis 2026 Kota Jogja, Satpam hingga AI - IDN Times Jogja. <a href=""https://news.google.com/rss/articles/CBMivgFBVV95cUxPamtNcWt4MjNEYXFnY3pGWGl5NkRGdGpPdHcwTjRYRnppeGVOblBvY1l5YV9VSTBucWpwR2dVNzRGNFB6Q0lERWZZWHRJZy1vMUZFc01XS3RwVTJFVFFLTi1oVkpLd3pxTGRhYkxPSXZKTER6eTBGRFQ1a0VHdlJtSE1mcnBLd09kQnMyRWllOHRWM2NsdVlJMjVHRXhyQS1qYzNUOURtQ1h2NlkxTlg3UExjUnhscl8ybkZuNmpB0gHDAUFVX3lxTE5xekFuYXVRVHRJMDRBM3F4TVZzS2c0cktzQVQxY3M5SzB2bE5iS0daS1ZwLU1ISi03aHJSZ3NEaUpNSDBRX0kzWXlrd0hpRGVHS0YweF85bWpJZHZOekpYaG9DRXBIZ3hqVmVJUlowSUVqY3RiWUFtN3JBOVo3R2dtbTNIRG5oYmhRREp4SXR2N2FVbEF0YVRpa19wQ3c4Q3VxU3JuLXZSa3doaWtibEVwT1NXbEJCTFdxR24yVGpwZ09NMA?oc=5"" target=""_blank"">Cara Daftar Pelatihan Kerja Gratis 2026 Kota Jogja, Satpam hingga AI</a>&nbsp;&nbsp;<font color=""#6f6f6f"">IDN Times Jogja</font>",,2026-04-03T07:00:00+00:00,https://news.google.com/rss/articles/CBMivgFBVV95cUxPamtNcWt4MjNEYXFnY3pGWGl5NkRGdGpPdHcwTjRYRnppeGVOblBvY1l5YV9VSTBucWpwR2dVNzRGNFB6Q0lERWZZWHRJZy1vMUZFc01XS3RwVTJFVFFLTi1oVkpLd3pxTGRhYkxPSXZKTER6eTBGRFQ1a0VHdlJtSE1mcnBLd09kQnMyRWllOHRWM2NsdVlJMjVHRXhyQS1qYzNUOURtQ1h2NlkxTlg3UExjUnhscl8ybkZuNmpB0gHDAUFVX3lxTE5xekFuYXVRVHRJMDRBM3F4TVZzS2c0cktzQVQxY3M5SzB2bE5iS0daS1ZwLU1ISi03aHJSZ3NEaUpNSDBRX0kzWXlrd0hpRGVHS0YweF85bWpJZHZOekpYaG9DRXBIZ3hqVmVJUlowSUVqY3RiWUFtN3JBOVo3R2dtbTNIRG5oYmhRREp4SXR2N2FVbEF0YVRpa19wQ3c4Q3VxU3JuLXZSa3doaWtibEVwT1NXbEJCTFdxR24yVGpwZ09NMA?oc=5,2026-08-21T03:15:14.073346+00:00
b63bff93ec73c91649da0cce,disnakertrans,Dinas Tenaga Kerja dan Transmigrasi DIY,berita,Jogjaprov,"Gubernur DIY Peroleh Penghargaan Pembina Produktivitas Tahun... - Jogjaprov. <a href=""https://news.google.com/rss/articles/CBMinAFBVV95cUxQa1RFdkhpcUlIUVgwMmVaVE1mUW9udGZ3UjdSdm5Md2pFQ0cteVZ1NDRWQTB2SFk0aWlDak5TdV9aYktodmdBQzR4amdoZ3drNkxNbzRMM0Z1QjJpaWpPbk5Ca1J1Q1N2eGNqaUZCYURKZV9rQ056S2ZtNTJxVzZkQ0g4QW5PTzExb3RHa2l0MGcyNmN2dDNaYXZkbDM?oc=5"" target=""_blank"">Gubernur DIY Peroleh Penghargaan Pembina Produktivitas Tahun...</a>&nbsp;&nbsp;<font color=""#6f6f6f"">Jogjaprov</font>",,2025-12-12T08:00:00+00:00,https://news.google.com/rss/articles/CBMinAFBVV95cUxQa1RFdkhpcUlIUVgwMmVaVE1mUW9udGZ3UjdSdm5Md2pFQ0cteVZ1NDRWQTB2SFk0aWlDak5TdV9aYktodmdBQzR4amdoZ3drNkxNbzRMM0Z1QjJpaWpPbk5Ca1J1Q1N2eGNqaUZCYURKZV9rQ056S2ZtNTJxVzZkQ0g4QW5PTzExb3RHa2l0MGcyNmN2dDNaYXZkbDM?oc=5,2026-08-21T03:15:14.073346+00:00
e4fccf6decf72ae26b63c361,disnakertrans,Dinas Tenaga Kerja dan Transmigrasi DIY,berita,Kementerian Transmigrasi Republik Indonesia,"Menteri Transmigrasi Kunjungi Dinas Tenaga Kerja dan Transmigrasi DIY - Kementerian Transmigrasi Republik Indonesia. <a href=""https://news.google.com/rss/articles/CBMiqgFBVV95cUxPbld2dU8wUGUyNGdfWVNvWmNQWS1nb2ctekJFeVI0S0NOZElKOU5NX2xXS0VNcnJHRW1adlZJVzc5X0ExUGRyTDljYzdlVmNrdm8xTVFFZ3lxSzBQQWwxUjdncGpHbjdJT0I1YkRnLTdPTll1bUJNdGJwM25PcWhhMXlSUk1IV2QxOGlpeHlldVlZcFNXM1N5TDdxbF9vend5bERfVEF6Q0Fkdw?oc=5"" target=""_blank"">Menteri Transmigrasi Kunjungi Dinas Tenaga Kerja dan Transmigrasi DIY</a>&nbsp;&nbsp;<font color=""#6f6f6f"">Kementerian Transmigrasi Republik Indonesia</font>",,2025-01-23T08:00:00+00:00,https://news.google.com/rss/articles/CBMiqgFBVV95cUxPbld2dU8wUGUyNGdfWVNvWmNQWS1nb2ctekJFeVI0S0NOZElKOU5NX2xXS0VNcnJHRW1adlZJVzc5X0ExUGRyTDljYzdlVmNrdm8xTVFFZ3lxSzBQQWwxUjdncGpHbjdJT0I1YkRnLTdPTll1bUJNdGJwM25PcWhhMXlSUk1IV2QxOGlpeHlldVlZcFNXM1N5TDdxbF9vend5bERfVEF6Q0Fkdw?oc=5,2026-08-21T03:15:14.073346+00:00
f135cc74ffcd933ddb9faba2,disnakertrans,Dinas Tenaga Kerja dan Transmigrasi DIY,google_maps,gilary gemilar,Terima kasih Disnakrtrans DIY karena sudah menyelenggarakan program pelatihan dan memberikan fasilitas untuk belajar bahasa korea persiapan EPS TOPIK 2026.,5.0,3 bulan lalu,"https://www.google.com/maps/place/Disnakertrans+Provinsi+D+I+Yogyakarta/@-7.7679571,110.429264,17z/data=!4m8!3m7!1s0x2e7a5a1ea2077521:0xca6065b1ffa55014!8m2!3d-7.7679624!4d110.4318389!9m1!1b1!16s%2Fg%2F1pv083h00?entry=ttu&g_ep=EgoyMDI2MDgxNy4wIKXMDSoASAFQAw%3D%3D",2026-08-21T03:26:13.542443+00:00
9424ebd42b0d01bbf90aa025,disnakertrans,Dinas Tenaga Kerja dan Transmigrasi DIY,google_maps,Larasati Lintang S.,Terima kasih banyak sudah memfasilitasi kami belajar bahas Korea dan skill nya untuk mendukung persiapan bekerja ke Korea. Sangat membantu dan bermanfaat untuk masa depan kami,5.0,3 bulan lalu,"https://www.google.com/maps/place/Disnakertrans+Provinsi+D+I+Yogyakarta/@-7.7679571,110.429264,17z/data=!4m8!3m7!1s0x2e7a5a1ea2077521:0xca6065b1ffa55014!8m2!3d-7.7679624!4d110.4318389!9m1!1b1!16s%2Fg%2F1pv083h00?entry=ttu&g_ep=EgoyMDI2MDgxNy4wIKXMDSoASAFQAw%3D%3D",2026-08-21T03:26:13.646745+00:00
28672630abad3d2116bf8af4,disnakertrans,Dinas Tenaga Kerja dan Transmigrasi DIY,google_maps,Alia Al Hasna,Terima kasih atas bantuan dan dukungan Disnakertrans DIY dalam menunjang fasilitas belajar para calon pekerja migran Indonesia yang akan mengikuti EPS TOPIK 2026,5.0,3 bulan lalu,"https://www.google.com/maps/place/Disnakertrans+Provinsi+D+I+Yogyakarta/@-7.7679571,110.429264,17z/data=!4m8!3m7!1s0x2e7a5a1ea2077521:0xca6065b1ffa55014!8m2!3d-7.7679624!4d110.4318389!9m1!1b1!16s%2Fg%2F1pv083h00?entry=ttu&g_ep=EgoyMDI2MDgxNy4wIKXMDSoASAFQAw%3D%3D",2026-08-21T03:26:13.747784+00:00
6cfef2458b611ad2f1728e94,disnakertrans,Dinas Tenaga Kerja dan Transmigrasi DIY,google_maps,Arin Dian,Terimakasih sudah memfasilitasi untuk program pelatihan Diklat bahasa Korea dan Semoga Disnakertrans semakin maju,5.0,3 bulan lalu,"https://www.google.com/maps/place/Disnakertrans+Provinsi+D+I+Yogyakarta/@-7.7679571,110.429264,17z/data=!4m8!3m7!1s0x2e7a5a1ea2077521:0xca6065b1ffa55014!8m2!3d-7.7679624!4d110.4318389!9m1!1b1!16s%2Fg%2F1pv083h00?entry=ttu&g_ep=EgoyMDI2MDgxNy4wIKXMDSoASAFQAw%3D%3D",2026-08-21T03:26:13.848452+00:00
287fe5f61cbaf6f9c50547a9,disnakertrans,Dinas Tenaga Kerja dan Transmigrasi DIY,google_maps,novannn,terimakasih trans diy telah memfasilitasi kami belajar bahasa korea tanpa pungutan biaya,5.0,3 bulan lalu,"https://www.google.com/maps/place/Disnakertrans+Provinsi+D+I+Yogyakarta/@-7.7679571,110.429264,17z/data=!4m8!3m7!1s0x2e7a5a1ea2077521:0xca6065b1ffa55014!8m2!3d-7.7679624!4d110.4318389!9m1!1b1!16s%2Fg%2F1pv083h00?entry=ttu&g_ep=EgoyMDI2MDgxNy4wIKXMDSoASAFQAw%3D%3D",2026-08-21T03:26:13.948872+00:00
b7f20244a31eb24cbc9ce38b,disnakertrans,Dinas Tenaga Kerja dan Transmigrasi DIY,google_maps,6244 Nabilla Shaulikhadevi,Terimakasih kepada Disnakertrans DIY karena telah menyelenggarakan pelatihan bahasa Korea untuk persiapan EPS-TOPIK dan atas kesempatannya yang telah diberikan kepada saya untuk bisa mengikuti pelatihan ini. Saya akan lolos di setiap tahapan-tahapan ujian dan test skill wawancara bersama teman-teman di pelatihan batch 1 ini supaya bisa bekerja ke Korea Selatan dan dapat membanggakan terutama untuk kota DIY tercinta. 감사함니다!!,5.0,3 bulan lalu,"https://www.google.com/maps/place/Disnakertrans+Provinsi+D+I+Yogyakarta/@-7.7679571,110.429264,17z/data=!4m8!3m7!1s0x2e7a5a1ea2077521:0xca6065b1ffa55014!8m2!3d-7.7679624!4d110.4318389!9m1!1b1!16s%2Fg%2F1pv083h00?entry=ttu&g_ep=EgoyMDI2MDgxNy4wIKXMDSoASAFQAw%3D%3D",2026-08-21T04:01:22.239438+00:00
4cd71792c4ff854d57f44cd3,disnakertrans,Dinas Tenaga Kerja dan Transmigrasi DIY,google_maps,Aan dwi Amboro putra,"makasih disnakertrans diy sudah membiayai  saya dan teman"" saya sekolah 한국어.
감사합니다 🙏🏼 …",5.0,3 bulan lalu,"https://www.google.com/maps/place/Disnakertrans+Provinsi+D+I+Yogyakarta/@-7.7679571,110.429264,17z/data=!4m8!3m7!1s0x2e7a5a1ea2077521:0xca6065b1ffa55014!8m2!3d-7.7679624!4d110.4318389!9m1!1b1!16s%2Fg%2F1pv083h00?entry=ttu&g_ep=EgoyMDI2MDgxNy4wIKXMDSoASAFQAw%3D%3D",2026-08-21T04:01:22.348843+00:00
20a75644ebad7258f5e1c223,disnakertrans,Dinas Tenaga Kerja dan Transmigrasi DIY,google_maps,Rizky Saputra,"• Kesan: Program diklat ini sangat bermanfaat dan membantu saya memahami bahasa serta budaya Korea dengan lebih mudah.
• Pesan: Semoga program ini terus ada dan kuotanya ditambah agar lebih banyak yang bisa ikut.",5.0,3 bulan lalu,"https://www.google.com/maps/place/Disnakertrans+Provinsi+D+I+Yogyakarta/@-7.7679571,110.429264,17z/data=!4m8!3m7!1s0x2e7a5a1ea2077521:0xca6065b1ffa55014!8m2!3d-7.7679624!4d110.4318389!9m1!1b1!16s%2Fg%2F1pv083h00?entry=ttu&g_ep=EgoyMDI2MDgxNy4wIKXMDSoASAFQAw%3D%3D",2026-08-21T04:01:22.454590+00:00
2c54a3e23082f21e45e7230e,disnakertrans,Dinas Tenaga Kerja dan Transmigrasi DIY,google_maps,Bambang Suwardono,"2 bulan laporan tidak ada tanggapan. Sebelumnya sudah datang ke kantor 2x. Kemudian katanya akan diproses. Sudah saya kirimkan semua data yg diperlukan, namun sampai saat ini tidak ada proses apapun. Kapok ke sini lagi.",1.0,3 bulan lalu,"https://www.google.com/maps/place/Disnakertrans+Provinsi+D+I+Yogyakarta/@-7.7679571,110.429264,17z/data=!4m8!3m7!1s0x2e7a5a1ea2077521:0xca6065b1ffa55014!8m2!3d-7.7679624!4d110.4318389!9m1!1b1!16s%2Fg%2F1pv083h00?entry=ttu&g_ep=EgoyMDI2MDgxNy4wIKXMDSoASAFQAw%3D%3D",2026-08-21T04:01:22.556621+00:00
f713afb358f100a8c1f0721f,disnakertrans,Dinas Tenaga Kerja dan Transmigrasi DIY,google_maps,DOT'S,"• Kesan: Diklat Korea dari Disnaker sangat keren, profesional, dan sangat membantu persiapan kerja saya.
• Pesan: Sukses selalu Disnaker! Semoga ke depannya makin banyak pelatihan kreatif seperti ini.",5.0,3 bulan lalu,"https://www.google.com/maps/place/Disnakertrans+Provinsi+D+I+Yogyakarta/@-7.7679571,110.429264,17z/data=!4m8!3m7!1s0x2e7a5a1ea2077521:0xca6065b1ffa55014!8m2!3d-7.7679624!4d110.4318389!9m1!1b1!16s%2Fg%2F1pv083h00?entry=ttu&g_ep=EgoyMDI2MDgxNy4wIKXMDSoASAFQAw%3D%3D",2026-08-21T04:01:22.661130+00:00
818f3e38f44de05fb72225a7,disnakertrans,Dinas Tenaga Kerja dan Transmigrasi DIY,google_maps,Kustiyanto Kustiyanto,"Tolong sampaikan ke kemenaker,bawasannya sampai detik ini dari pihak aplikator shope dan grab blm ada kejelasan kapan bhr 2026 cair,sedangkan dari gojek sudah cair seminggu yg lalu",5.0,5 bulan lalu,"https://www.google.com/maps/place/Disnakertrans+Provinsi+D+I+Yogyakarta/@-7.7679571,110.429264,17z/data=!4m8!3m7!1s0x2e7a5a1ea2077521:0xca6065b1ffa55014!8m2!3d-7.7679624!4d110.4318389!9m1!1b1!16s%2Fg%2F1pv083h00?entry=ttu&g_ep=EgoyMDI2MDgxNy4wIKXMDSoASAFQAw%3D%3D",2026-08-21T04:01:22.766641+00:00
a7ef5e600ac0b14ac0d72313,disnakertrans,Dinas Tenaga Kerja dan Transmigrasi DIY,google_maps,Maria Rona Ayu,"Terimakasih kepada Disnakertrans DIY yang telah memfasilitasi saya dalam pelatihan bahasa korea
Saya sangat senang dan sangat bermaanfaat untuk saya
Dan memberikan motivasi untuk bekerja ke Korea ✨✨
감사합니다",5.0,3 bulan lalu,"https://www.google.com/maps/place/Disnakertrans+Provinsi+D+I+Yogyakarta/@-7.7679571,110.429264,17z/data=!4m8!3m7!1s0x2e7a5a1ea2077521:0xca6065b1ffa55014!8m2!3d-7.7679624!4d110.4318389!9m1!1b1!16s%2Fg%2F1pv083h00?entry=ttu&g_ep=EgoyMDI2MDgxNy4wIKXMDSoASAFQAw%3D%3D",2026-08-21T04:01:22.875495+00:00
14605ba627cc59de01470719,disnakertrans,Dinas Tenaga Kerja dan Transmigrasi DIY,google_maps,Annisa Rahmawati,"Terima kasih disnakertrans DIY, telah memfasilitasi kami untuk belajar bahasa Korea, sehingga kami bisa maksimal untuk mempersiapkan diri untuk ke Korea🫰🏻 …",5.0,3 bulan lalu,"https://www.google.com/maps/place/Disnakertrans+Provinsi+D+I+Yogyakarta/@-7.7679571,110.429264,17z/data=!4m8!3m7!1s0x2e7a5a1ea2077521:0xca6065b1ffa55014!8m2!3d-7.7679624!4d110.4318389!9m1!1b1!16s%2Fg%2F1pv083h00?entry=ttu&g_ep=EgoyMDI2MDgxNy4wIKXMDSoASAFQAw%3D%3D",2026-08-21T04:01:22.979678+00:00
3ec8f51b80f66eae932d66e5,disnakertrans,Dinas Tenaga Kerja dan Transmigrasi DIY,google_maps,Rohmah Ratri,Terima kasih Disnakertrans DIY yang telah memfasilitasi pelatihan bahasa korea. Smoga kedepannya sesuai dengan apa yang diharapkan.,5.0,3 bulan lalu,"https://www.google.com/maps/place/Disnakertrans+Provinsi+D+I+Yogyakarta/@-7.7679571,110.429264,17z/data=!4m8!3m7!1s0x2e7a5a1ea2077521:0xca6065b1ffa55014!8m2!3d-7.7679624!4d110.4318389!9m1!1b1!16s%2Fg%2F1pv083h00?entry=ttu&g_ep=EgoyMDI2MDgxNy4wIKXMDSoASAFQAw%3D%3D",2026-08-21T04:01:23.080433+00:00
aba518dd9e603ed59090c1e1,disnakertrans,Dinas Tenaga Kerja dan Transmigrasi DIY,google_maps,Bengkel Arkan,Izin tanya bapak/ibu..untuk pra seleksi magang ke Jepang di buka bln apa ya.. Terima kasih,5.0,2 bulan lalu,"https://www.google.com/maps/place/Disnakertrans+Provinsi+D+I+Yogyakarta/@-7.7679571,110.429264,17z/data=!4m8!3m7!1s0x2e7a5a1ea2077521:0xca6065b1ffa55014!8m2!3d-7.7679624!4d110.4318389!9m1!1b1!16s%2Fg%2F1pv083h00?entry=ttu&g_ep=EgoyMDI2MDgxNy4wIKXMDSoASAFQAw%3D%3D",2026-08-21T04:01:23.182709+00:00
7af5d4f0e84d06235a14b772,disnakertrans,Dinas Tenaga Kerja dan Transmigrasi DIY,google_maps,Hafidz Yanuar,Semoga ada program lagi kedepannya terimakasih yang telah memfasilitasi disnakrtrans diy di bina insani,5.0,3 bulan lalu,"https://www.google.com/maps/place/Disnakertrans+Provinsi+D+I+Yogyakarta/@-7.7679571,110.429264,17z/data=!4m8!3m7!1s0x2e7a5a1ea2077521:0xca6065b1ffa55014!8m2!3d-7.7679624!4d110.4318389!9m1!1b1!16s%2Fg%2F1pv083h00?entry=ttu&g_ep=EgoyMDI2MDgxNy4wIKXMDSoASAFQAw%3D%3D",2026-08-21T04:01:23.301398+00:00
2de89ad3cf6f54acd2f18912,disnakertrans,Dinas Tenaga Kerja dan Transmigrasi DIY,google_maps,viky ridwantoro,Terimakasih DisnakerTrans DIY yang telah memfasilitasi kami untuk belajar di BINA INSANI DIY,5.0,3 bulan lalu,"https://www.google.com/maps/place/Disnakertrans+Provinsi+D+I+Yogyakarta/@-7.7679571,110.429264,17z/data=!4m8!3m7!1s0x2e7a5a1ea2077521:0xca6065b1ffa55014!8m2!3d-7.7679624!4d110.4318389!9m1!1b1!16s%2Fg%2F1pv083h00?entry=ttu&g_ep=EgoyMDI2MDgxNy4wIKXMDSoASAFQAw%3D%3D",2026-08-21T04:01:23.405396+00:00
d99d3d00444ebd4731e789bb,disnakertrans,Dinas Tenaga Kerja dan Transmigrasi DIY,google_maps,マルフイノء Fino,"Petugasnya sudah menindaklanjuti aduan saya, tapi proses dan respon awalnya cukup lama. Saat dihubungi lewat WA juga butuh waktu lama untuk mendapat jawaban. Semoga ke depannya pelayanan bisa lebih cepat dan responsif agar masyarakat merasa lebih terbantu. Terima kasih.",3.0,9 bulan lalu,"https://www.google.com/maps/place/Disnakertrans+Provinsi+D+I+Yogyakarta/@-7.7679571,110.429264,17z/data=!4m8!3m7!1s0x2e7a5a1ea2077521:0xca6065b1ffa55014!8m2!3d-7.7679624!4d110.4318389!9m1!1b1!16s%2Fg%2F1pv083h00?entry=ttu&g_ep=EgoyMDI2MDgxNy4wIKXMDSoASAFQAw%3D%3D",2026-08-21T04:01:23.506099+00:00
2aae67e14283a41e54db6667,disnakertrans,Dinas Tenaga Kerja dan Transmigrasi DIY,google_maps,Ruges Rugas1408,Assalamualaikum  kami punya masalah dengan tempat kami bekerja apakah kami bisa membuat pengaduan ...🙏🙏🙏 …,5.0,2 bulan lalu,"https://www.google.com/maps/place/Disnakertrans+Provinsi+D+I+Yogyakarta/@-7.7679571,110.429264,17z/data=!4m8!3m7!1s0x2e7a5a1ea2077521:0xca6065b1ffa55014!8m2!3d-7.7679624!4d110.4318389!9m1!1b1!16s%2Fg%2F1pv083h00?entry=ttu&g_ep=EgoyMDI2MDgxNy4wIKXMDSoASAFQAw%3D%3D",2026-08-21T04:18:13.600865+00:00
1d4a0ff43c0fb51a25a21a58,disnakertrans,Dinas Tenaga Kerja dan Transmigrasi DIY,google_maps,Sayankarum Nurul,"Perusahaan kami tidak konsisten dalam menangani BPJS,karna dri saya keluar dari perusahaan dah 3 bulanan masih tidak di off kan,alasan nya bnyak..mohon bantuanya,.yg punya nomer wa yang bisa di hubungi minn",2.0,9 bulan lalu,"https://www.google.com/maps/place/Disnakertrans+Provinsi+D+I+Yogyakarta/@-7.7679571,110.429264,17z/data=!4m8!3m7!1s0x2e7a5a1ea2077521:0xca6065b1ffa55014!8m2!3d-7.7679624!4d110.4318389!9m1!1b1!16s%2Fg%2F1pv083h00?entry=ttu&g_ep=EgoyMDI2MDgxNy4wIKXMDSoASAFQAw%3D%3D",2026-08-21T04:18:13.698307+00:00
e3e0c67fe281221baa1752df,disnakertrans,Dinas Tenaga Kerja dan Transmigrasi DIY,google_maps,Diandra Alisha Putri Maharani,Terimakasih disnakertrans diy untuk program gratis pelatihan bahasa di Bina Insani👍🏻 …,5.0,3 bulan lalu,"https://www.google.com/maps/place/Disnakertrans+Provinsi+D+I+Yogyakarta/@-7.7679571,110.429264,17z/data=!4m8!3m7!1s0x2e7a5a1ea2077521:0xca6065b1ffa55014!8m2!3d-7.7679624!4d110.4318389!9m1!1b1!16s%2Fg%2F1pv083h00?entry=ttu&g_ep=EgoyMDI2MDgxNy4wIKXMDSoASAFQAw%3D%3D",2026-08-21T04:18:13.800628+00:00
320e55f82976d689e9cf6378,disnakertrans,Dinas Tenaga Kerja dan Transmigrasi DIY,google_maps,Adhitya Wirawan,"Mayday 2025...acaranya seru sekali..sukses dan jaya selalu Disnakertrans DIY ""May Day is Collaboration Day""",5.0,setahun lalu,"https://www.google.com/maps/place/Disnakertrans+Provinsi+D+I+Yogyakarta/@-7.7679571,110.429264,17z/data=!4m8!3m7!1s0x2e7a5a1ea2077521:0xca6065b1ffa55014!8m2!3d-7.7679624!4d110.4318389!9m1!1b1!16s%2Fg%2F1pv083h00?entry=ttu&g_ep=EgoyMDI2MDgxNy4wIKXMDSoASAFQAw%3D%3D",2026-08-21T04:18:13.916789+00:00
c1461edbf16b8dbc44b16f9c,disnakertrans,Dinas Tenaga Kerja dan Transmigrasi DIY,google_maps,M94 Ndr,"Ijin mau nanya ,
Apa bisa di proses tentang Gaji seorang karyawan koperasi",3.0,2 bulan lalu,"https://www.google.com/maps/place/Disnakertrans+Provinsi+D+I+Yogyakarta/@-7.7679571,110.429264,17z/data=!4m8!3m7!1s0x2e7a5a1ea2077521:0xca6065b1ffa55014!8m2!3d-7.7679624!4d110.4318389!9m1!1b1!16s%2Fg%2F1pv083h00?entry=ttu&g_ep=EgoyMDI2MDgxNy4wIKXMDSoASAFQAw%3D%3D",2026-08-21T04:18:14.019183+00:00
dec1ee2102ecbf4644ccdcd0,disnakertrans,Dinas Tenaga Kerja dan Transmigrasi DIY,google_maps,Aksa,Terima kasih Disnaker DIY atas bantuannya. Masalah pengembalian ijazah saya selesai dengan baik berkat koordinasi dan pendampingan dari tim. Sangat menghargai pelayanan yang cepat dan profesional,5.0,10 bulan lalu,"https://www.google.com/maps/place/Disnakertrans+Provinsi+D+I+Yogyakarta/@-7.7679571,110.429264,17z/data=!4m8!3m7!1s0x2e7a5a1ea2077521:0xca6065b1ffa55014!8m2!3d-7.7679624!4d110.4318389!9m1!1b1!16s%2Fg%2F1pv083h00?entry=ttu&g_ep=EgoyMDI2MDgxNy4wIKXMDSoASAFQAw%3D%3D",2026-08-21T04:18:14.134029+00:00
65a3f60532f075faa020ce41,disnakertrans,Dinas Tenaga Kerja dan Transmigrasi DIY,google_maps,"Dr Sir Kalifatullah Ermaya, ST SM MM","Akhirnya masalah yang berkaitan dengan:
1. Penahanan Ijazah dan Transkip nilai
2. Denda Rp 500.000.000 yang sangat tidak masuk akal jika mengundurkan diri
3. Bekerja hingga umur 65 tahun
Yang semua itu dilakukan oleh sebuah Universitas swasta di daerah S*n*s*w*, Bantul terhadap saya telah terselesaikan.

Saya tidak tahu nasib saya jika tidak dibantu oleh Disnaker DIY, pasti seumur hidup saya akan menderita tersiksa terus oleh salah satu PTS yang ada di Bantul ini.

Terima Kasih Disnaker DIY 🙏😇",5.0,setahun lalu,"https://www.google.com/maps/place/Disnakertrans+Provinsi+D+I+Yogyakarta/@-7.7679571,110.429264,17z/data=!4m8!3m7!1s0x2e7a5a1ea2077521:0xca6065b1ffa55014!8m2!3d-7.7679624!4d110.4318389!9m1!1b1!16s%2Fg%2F1pv083h00?entry=ttu&g_ep=EgoyMDI2MDgxNy4wIKXMDSoASAFQAw%3D%3D",2026-08-21T04:18:14.236871+00:00
f20d5cc6271c34a64972070a,disnakertrans,Dinas Tenaga Kerja dan Transmigrasi DIY,google_maps,The Blog santjoko,"Lokasi mudah dicar, terlihat jelas dari jalan, ring road utara tentunya, layanan bagus,",4.0,7 tahun lalu,"https://www.google.com/maps/place/Disnakertrans+Provinsi+D+I+Yogyakarta/@-7.7679571,110.429264,17z/data=!4m8!3m7!1s0x2e7a5a1ea2077521:0xca6065b1ffa55014!8m2!3d-7.7679624!4d110.4318389!9m1!1b1!16s%2Fg%2F1pv083h00?entry=ttu&g_ep=EgoyMDI2MDgxNy4wIKXMDSoASAFQAw%3D%3D",2026-08-21T04:18:14.334059+00:00
dc9a760873f757cb51963153,disnakertrans,Dinas Tenaga Kerja dan Transmigrasi DIY,google_maps,davin rifki,"Terimakasih udah melayani dengan baik,sangat bersyukur sekarang ijazah dan gaji yang di tahan sudah bisa di ambil.semoga di berikan kesehatan dan lancar rejeki semuanya🙏🙏 …",5.0,setahun lalu,"https://www.google.com/maps/place/Disnakertrans+Provinsi+D+I+Yogyakarta/@-7.7679571,110.429264,17z/data=!4m8!3m7!1s0x2e7a5a1ea2077521:0xca6065b1ffa55014!8m2!3d-7.7679624!4d110.4318389!9m1!1b1!16s%2Fg%2F1pv083h00?entry=ttu&g_ep=EgoyMDI2MDgxNy4wIKXMDSoASAFQAw%3D%3D",2026-08-21T04:18:14.431397+00:00
0747805b339aab48a9aa47de,disnakertrans,Dinas Tenaga Kerja dan Transmigrasi DIY,google_maps,putri da,"Terimakasih banyak atas bantuannya 🙏 Satsetsatset banget ngatasin masalah, mantep👍 …",5.0,setahun lalu,"https://www.google.com/maps/place/Disnakertrans+Provinsi+D+I+Yogyakarta/@-7.7679571,110.429264,17z/data=!4m8!3m7!1s0x2e7a5a1ea2077521:0xca6065b1ffa55014!8m2!3d-7.7679624!4d110.4318389!9m1!1b1!16s%2Fg%2F1pv083h00?entry=ttu&g_ep=EgoyMDI2MDgxNy4wIKXMDSoASAFQAw%3D%3D",2026-08-21T04:18:14.529481+00:00
288d10af87d26d8e418aa343,disnakertrans,Dinas Tenaga Kerja dan Transmigrasi DIY,google_maps,Tri Wibowo,Terima kasih sebesar-besarnya untuk Disnaker yang sudah mendampingi dan membantu proses penyerahan ijazah kami. Kami sangat terbantu 🙏 …,5.0,10 bulan lalu,"https://www.google.com/maps/place/Disnakertrans+Provinsi+D+I+Yogyakarta/@-7.7679571,110.429264,17z/data=!4m8!3m7!1s0x2e7a5a1ea2077521:0xca6065b1ffa55014!8m2!3d-7.7679624!4d110.4318389!9m1!1b1!16s%2Fg%2F1pv083h00?entry=ttu&g_ep=EgoyMDI2MDgxNy4wIKXMDSoASAFQAw%3D%3D",2026-08-21T04:18:14.627346+00:00
570e3241ed664ba32ca75792,disnakertrans,Dinas Tenaga Kerja dan Transmigrasi DIY,google_maps,Calista Maharani,Terimakasih atas bantuannya terkait THR kami yg tidak sesuai.petugas lapangan juga ternyata hadir menindak lanjuti...dan akhirnya kami mendapatkan yg seharusnya kami dapatnya sekali lagi saya berterima kasih,5.0,setahun lalu,"https://www.google.com/maps/place/Disnakertrans+Provinsi+D+I+Yogyakarta/@-7.7679571,110.429264,17z/data=!4m8!3m7!1s0x2e7a5a1ea2077521:0xca6065b1ffa55014!8m2!3d-7.7679624!4d110.4318389!9m1!1b1!16s%2Fg%2F1pv083h00?entry=ttu&g_ep=EgoyMDI2MDgxNy4wIKXMDSoASAFQAw%3D%3D",2026-08-21T04:18:14.725899+00:00
a7e554250ffa117610308ba2,disnakertrans,Dinas Tenaga Kerja dan Transmigrasi DIY,google_maps,akademik2 bij,Best. Sukses selalu buat disnakertrans DIY,5.0,3 bulan lalu,"https://www.google.com/maps/place/Disnakertrans+Provinsi+D+I+Yogyakarta/@-7.7679571,110.429264,17z/data=!4m8!3m7!1s0x2e7a5a1ea2077521:0xca6065b1ffa55014!8m2!3d-7.7679624!4d110.4318389!9m1!1b1!16s%2Fg%2F1pv083h00?entry=ttu&g_ep=EgoyMDI2MDgxNy4wIKXMDSoASAFQAw%3D%3D",2026-08-21T04:18:14.825815+00:00
9840486a8fda5e82c9df5ee6,disnakertrans,Dinas Tenaga Kerja dan Transmigrasi DIY,google_maps,Viona Marselia,"Proses nya cukup lama, tapi teratasi.. saya masih nunggu pembinaan dari disnaker untuk resto yang sistemnya gagal itu.",4.0,8 bulan lalu,"https://www.google.com/maps/place/Disnakertrans+Provinsi+D+I+Yogyakarta/@-7.7679571,110.429264,17z/data=!4m8!3m7!1s0x2e7a5a1ea2077521:0xca6065b1ffa55014!8m2!3d-7.7679624!4d110.4318389!9m1!1b1!16s%2Fg%2F1pv083h00?entry=ttu&g_ep=EgoyMDI2MDgxNy4wIKXMDSoASAFQAw%3D%3D",2026-08-21T04:18:14.939877+00:00
abd5ffd46309dc0b323a40e7,disnakertrans,Dinas Tenaga Kerja dan Transmigrasi DIY,google_maps,Paulus Anton Apriyanto,"Mksh Banyak sudah di bantu perihal THR yg tidak sesuai. Ternyata bener2 turun ke lapangan dan selesaikan permasalahan saya. Sekarang sudah saya Terima mas, sekali lagi makasih😀🙏 …",5.0,setahun lalu,"https://www.google.com/maps/place/Disnakertrans+Provinsi+D+I+Yogyakarta/@-7.7679571,110.429264,17z/data=!4m8!3m7!1s0x2e7a5a1ea2077521:0xca6065b1ffa55014!8m2!3d-7.7679624!4d110.4318389!9m1!1b1!16s%2Fg%2F1pv083h00?entry=ttu&g_ep=EgoyMDI2MDgxNy4wIKXMDSoASAFQAw%3D%3D",2026-08-21T04:18:15.036524+00:00
5236bf70ba12b3f813fff896,disnakertrans,Dinas Tenaga Kerja dan Transmigrasi DIY,google_maps,bend.soebekti84,"Terimakasih banyak atas informasinya,dan fast respon ya,. terimakasih telah menjadi Pengayom curhatan para pekerja,.
Sekali lagi saya Ucapkan terimakasih.",5.0,11 bulan lalu,"https://www.google.com/maps/place/Disnakertrans+Provinsi+D+I+Yogyakarta/@-7.7679571,110.429264,17z/data=!4m8!3m7!1s0x2e7a5a1ea2077521:0xca6065b1ffa55014!8m2!3d-7.7679624!4d110.4318389!9m1!1b1!16s%2Fg%2F1pv083h00?entry=ttu&g_ep=EgoyMDI2MDgxNy4wIKXMDSoASAFQAw%3D%3D",2026-08-21T04:18:15.133772+00:00
23cc55c16d5e844cbbba29f5,disnakertrans,Dinas Tenaga Kerja dan Transmigrasi DIY,google_maps,Safira Ameilia,"Lapor udah dari 2 bulan lalu sampe skrg ga tau penyelesaiannya gimana bahkan ga pernah di fu. Kalo saya yg fu ke cs cuma suruh nunggu. Gabisa kah transparant? Bingung harus ngadu kmn lagi, jd merasa ga punya payung kalo kerja di jogja, sampe skrg gatau nasib laporannya gimana padahal masalah gaji karyawan yg ga keluar🙏🏻 …",1.0,2 tahun lalu,"https://www.google.com/maps/place/Disnakertrans+Provinsi+D+I+Yogyakarta/@-7.7679571,110.429264,17z/data=!4m8!3m7!1s0x2e7a5a1ea2077521:0xca6065b1ffa55014!8m2!3d-7.7679624!4d110.4318389!9m1!1b1!16s%2Fg%2F1pv083h00?entry=ttu&g_ep=EgoyMDI2MDgxNy4wIKXMDSoASAFQAw%3D%3D",2026-08-21T04:18:15.231441+00:00
a06c2b34b7a5f4142990c4df,disnakertrans,Dinas Tenaga Kerja dan Transmigrasi DIY,google_maps,suwanti suwanti,"Mengadu masalah gaji dan THR yang bermasalah ternyata hasilnya nol.
hasil mediasi tidak sesuai kesepakatan karyawan aja ttp di acc",1.0,setahun lalu,"https://www.google.com/maps/place/Disnakertrans+Provinsi+D+I+Yogyakarta/@-7.7679571,110.429264,17z/data=!4m8!3m7!1s0x2e7a5a1ea2077521:0xca6065b1ffa55014!8m2!3d-7.7679624!4d110.4318389!9m1!1b1!16s%2Fg%2F1pv083h00?entry=ttu&g_ep=EgoyMDI2MDgxNy4wIKXMDSoASAFQAw%3D%3D",2026-08-21T04:18:15.328908+00:00
c2ffa57de2d1bd957effbba4,disnakertrans,Dinas Tenaga Kerja dan Transmigrasi DIY,google_maps,Wiwit AB,Program Pemagangan dan sertifikasinya kerennn,5.0,3 bulan lalu,"https://www.google.com/maps/place/Disnakertrans+Provinsi+D+I+Yogyakarta/@-7.7679571,110.429264,17z/data=!4m8!3m7!1s0x2e7a5a1ea2077521:0xca6065b1ffa55014!8m2!3d-7.7679624!4d110.4318389!9m1!1b1!16s%2Fg%2F1pv083h00?entry=ttu&g_ep=EgoyMDI2MDgxNy4wIKXMDSoASAFQAw%3D%3D",2026-08-21T04:18:15.441365+00:00
8b278336bba5f350c39b530c,disnakertrans,Dinas Tenaga Kerja dan Transmigrasi DIY,google_maps,samanto oke,"Pegawainya ramah sangat membantu bagi yang membutuhkan informasi pekerjaan
..salam buat mr.sunu",5.0,9 tahun lalu,"https://www.google.com/maps/place/Disnakertrans+Provinsi+D+I+Yogyakarta/@-7.7679571,110.429264,17z/data=!4m8!3m7!1s0x2e7a5a1ea2077521:0xca6065b1ffa55014!8m2!3d-7.7679624!4d110.4318389!9m1!1b1!16s%2Fg%2F1pv083h00?entry=ttu&g_ep=EgoyMDI2MDgxNy4wIKXMDSoASAFQAw%3D%3D",2026-08-21T04:18:15.537852+00:00
18fff1d95cc092c683becc47,disnakertrans,Dinas Tenaga Kerja dan Transmigrasi DIY,google_maps,Gawha Jogja,Udah malemmmm ... tolong sura di kecillliin ini dah di atas jam 12,1.0,8 bulan lalu,"https://www.google.com/maps/place/Disnakertrans+Provinsi+D+I+Yogyakarta/@-7.7679571,110.429264,17z/data=!4m8!3m7!1s0x2e7a5a1ea2077521:0xca6065b1ffa55014!8m2!3d-7.7679624!4d110.4318389!9m1!1b1!16s%2Fg%2F1pv083h00?entry=ttu&g_ep=EgoyMDI2MDgxNy4wIKXMDSoASAFQAw%3D%3D",2026-08-21T04:18:15.632656+00:00
97a21d793354d72d295519c4,disnakertrans,Dinas Tenaga Kerja dan Transmigrasi DIY,google_maps,Faharani Yahya,Terimakasih banyak buat bapak/ibu Disnaker yg sudah memberikan pelayanan ramah dan sangat membantu dari proses awal hingga akhir 🙏🙏🙏 …,5.0,2 tahun lalu,"https://www.google.com/maps/place/Disnakertrans+Provinsi+D+I+Yogyakarta/@-7.7679571,110.429264,17z/data=!4m8!3m7!1s0x2e7a5a1ea2077521:0xca6065b1ffa55014!8m2!3d-7.7679624!4d110.4318389!9m1!1b1!16s%2Fg%2F1pv083h00?entry=ttu&g_ep=EgoyMDI2MDgxNy4wIKXMDSoASAFQAw%3D%3D",2026-08-21T04:18:15.730263+00:00
3bf106a3ba704f0d4f926708,disnakertrans,Dinas Tenaga Kerja dan Transmigrasi DIY,google_maps,kintel edy,"Tempat wajib lapor perusahaan untuk ketenagaan, sayang parkirnya sempit",4.0,9 tahun lalu,"https://www.google.com/maps/place/Disnakertrans+Provinsi+D+I+Yogyakarta/@-7.7679571,110.429264,17z/data=!4m8!3m7!1s0x2e7a5a1ea2077521:0xca6065b1ffa55014!8m2!3d-7.7679624!4d110.4318389!9m1!1b1!16s%2Fg%2F1pv083h00?entry=ttu&g_ep=EgoyMDI2MDgxNy4wIKXMDSoASAFQAw%3D%3D",2026-08-21T04:18:15.830125+00:00
99b7ce4e2e424d67552951d1,disnakertrans,Dinas Tenaga Kerja dan Transmigrasi DIY,google_maps,anis cahaya,Pergi kesini dalam rangka studi banding. Kami diterima dengan baik oleh tuan rumah dan kegiatan berjalan dengan lancar karena setiap pertanyaan yang kami ajukan dapat dijawab dan mudah dipahami. Terima kasih kepada Bapak Ibu sekalian yang sudah berkenan menerima dan melayani kami dengan baik.,5.0,3 tahun lalu,"https://www.google.com/maps/place/Disnakertrans+Provinsi+D+I+Yogyakarta/@-7.7679571,110.429264,17z/data=!4m8!3m7!1s0x2e7a5a1ea2077521:0xca6065b1ffa55014!8m2!3d-7.7679624!4d110.4318389!9m1!1b1!16s%2Fg%2F1pv083h00?entry=ttu&g_ep=EgoyMDI2MDgxNy4wIKXMDSoASAFQAw%3D%3D",2026-08-21T04:18:15.924239+00:00
8c6043fcf63d2c1dbcf0c805,disnakertrans,Dinas Tenaga Kerja dan Transmigrasi DIY,google_maps,Diana,"lokasinya pinggir jalann, sebelahnya lotte mart persisss",5.0,3 tahun lalu,"https://www.google.com/maps/place/Disnakertrans+Provinsi+D+I+Yogyakarta/@-7.7679571,110.429264,17z/data=!4m8!3m7!1s0x2e7a5a1ea2077521:0xca6065b1ffa55014!8m2!3d-7.7679624!4d110.4318389!9m1!1b1!16s%2Fg%2F1pv083h00?entry=ttu&g_ep=EgoyMDI2MDgxNy4wIKXMDSoASAFQAw%3D%3D",2026-08-21T04:18:16.021566+00:00
67348d10e51afb2141e17a8a,disnakertrans,Dinas Tenaga Kerja dan Transmigrasi DIY,google_maps,MJPRO Meeting,Pertahankan dan terus tingkatkan pelayanan yang sudah baik. Terima kasih atas pelayanannya.,5.0,setahun lalu,"https://www.google.com/maps/place/Disnakertrans+Provinsi+D+I+Yogyakarta/@-7.7679571,110.429264,17z/data=!4m8!3m7!1s0x2e7a5a1ea2077521:0xca6065b1ffa55014!8m2!3d-7.7679624!4d110.4318389!9m1!1b1!16s%2Fg%2F1pv083h00?entry=ttu&g_ep=EgoyMDI2MDgxNy4wIKXMDSoASAFQAw%3D%3D",2026-08-21T04:18:16.115500+00:00
1a7a87f6b88975884392e17a,disnakertrans,Dinas Tenaga Kerja dan Transmigrasi DIY,google_maps,Bayu Indra,"Terima kasih Disnaker prov DIY, puas dan sangat jelas pada saat konsultasi, penyelesaian masalah sampai selesai antara perusahaan dan sipekerja 🙏🙏🙏 …",5.0,3 tahun lalu,"https://www.google.com/maps/place/Disnakertrans+Provinsi+D+I+Yogyakarta/@-7.7679571,110.429264,17z/data=!4m8!3m7!1s0x2e7a5a1ea2077521:0xca6065b1ffa55014!8m2!3d-7.7679624!4d110.4318389!9m1!1b1!16s%2Fg%2F1pv083h00?entry=ttu&g_ep=EgoyMDI2MDgxNy4wIKXMDSoASAFQAw%3D%3D",2026-08-21T04:18:16.216627+00:00
83330f5411e774313e288350,disnakertrans,Dinas Tenaga Kerja dan Transmigrasi DIY,google_maps,Yanto Bayu Utama,Kantor yg menangani masalah pelatihan dan ketenagakerjaan di DIY,5.0,3 tahun lalu,"https://www.google.com/maps/place/Disnakertrans+Provinsi+D+I+Yogyakarta/@-7.7679571,110.429264,17z/data=!4m8!3m7!1s0x2e7a5a1ea2077521:0xca6065b1ffa55014!8m2!3d-7.7679624!4d110.4318389!9m1!1b1!16s%2Fg%2F1pv083h00?entry=ttu&g_ep=EgoyMDI2MDgxNy4wIKXMDSoASAFQAw%3D%3D",2026-08-21T04:18:16.311208+00:00
722f9befea0370b05958d0ad,disnakertrans,Dinas Tenaga Kerja dan Transmigrasi DIY,google_maps,Avi Arvita,Terimakasih Disnakertrans sudah dibantu segala hal dan dibimbing dalam pembangunan karakter,5.0,setahun lalu,"https://www.google.com/maps/place/Disnakertrans+Provinsi+D+I+Yogyakarta/@-7.7679571,110.429264,17z/data=!4m8!3m7!1s0x2e7a5a1ea2077521:0xca6065b1ffa55014!8m2!3d-7.7679624!4d110.4318389!9m1!1b1!16s%2Fg%2F1pv083h00?entry=ttu&g_ep=EgoyMDI2MDgxNy4wIKXMDSoASAFQAw%3D%3D",2026-08-21T04:18:16.409239+00:00
98936248d9eec35efa9cc10d,disnakertrans,Dinas Tenaga Kerja dan Transmigrasi DIY,google_maps,Ifnu Wahyudi04,Pelayanan sangat cepat dan sangat membantu terimakasih banyak Disnaker Jogja 🙏 …,5.0,setahun lalu,"https://www.google.com/maps/place/Disnakertrans+Provinsi+D+I+Yogyakarta/@-7.7679571,110.429264,17z/data=!4m8!3m7!1s0x2e7a5a1ea2077521:0xca6065b1ffa55014!8m2!3d-7.7679624!4d110.4318389!9m1!1b1!16s%2Fg%2F1pv083h00?entry=ttu&g_ep=EgoyMDI2MDgxNy4wIKXMDSoASAFQAw%3D%3D",2026-08-21T04:18:16.505064+00:00
6123ab838fd76f97eb97c27d,disnakertrans,Dinas Tenaga Kerja dan Transmigrasi DIY,google_maps,Endhie Riswanto,"Jane aku ki oleh bantuan po ora, nk ora ki yo uws, marai penasaran gur kon ngecek + nunggu terus 😏 …",1.0,3 tahun lalu,"https://www.google.com/maps/place/Disnakertrans+Provinsi+D+I+Yogyakarta/@-7.7679571,110.429264,17z/data=!4m8!3m7!1s0x2e7a5a1ea2077521:0xca6065b1ffa55014!8m2!3d-7.7679624!4d110.4318389!9m1!1b1!16s%2Fg%2F1pv083h00?entry=ttu&g_ep=EgoyMDI2MDgxNy4wIKXMDSoASAFQAw%3D%3D",2026-08-21T04:18:16.603522+00:00
2204a3326fb925e8697f99bf,disnakertrans,Dinas Tenaga Kerja dan Transmigrasi DIY,google_maps,Vjfh Cvg,"Masi banyak perusahaan di jogja nahan ijasah, gak mau berantas kah min?",4.0,setahun lalu,"https://www.google.com/maps/place/Disnakertrans+Provinsi+D+I+Yogyakarta/@-7.7679571,110.429264,17z/data=!4m8!3m7!1s0x2e7a5a1ea2077521:0xca6065b1ffa55014!8m2!3d-7.7679624!4d110.4318389!9m1!1b1!16s%2Fg%2F1pv083h00?entry=ttu&g_ep=EgoyMDI2MDgxNy4wIKXMDSoASAFQAw%3D%3D",2026-08-21T04:18:16.697412+00:00
f4df2cc5af5a7b46ac3a843c,disnakertrans,Dinas Tenaga Kerja dan Transmigrasi DIY,google_maps,Irfan Abdul hakim,"Saya mau nanya dong pak buk,saya ingin mengajukan laporan/pengaduan tentang jam kerja,hak pekerja,dan upah karyawan disini apa bisa, mohon bantuannya, terimakasih",3.0,4 tahun lalu,"https://www.google.com/maps/place/Disnakertrans+Provinsi+D+I+Yogyakarta/@-7.7679571,110.429264,17z/data=!4m8!3m7!1s0x2e7a5a1ea2077521:0xca6065b1ffa55014!8m2!3d-7.7679624!4d110.4318389!9m1!1b1!16s%2Fg%2F1pv083h00?entry=ttu&g_ep=EgoyMDI2MDgxNy4wIKXMDSoASAFQAw%3D%3D",2026-08-21T04:18:16.815480+00:00
8787f9b71d571593ad1404e0,disnakertrans,Dinas Tenaga Kerja dan Transmigrasi DIY,google_maps,Paulus Waluyo,Oke sip,4.0,2 bulan lalu,"https://www.google.com/maps/place/Disnakertrans+Provinsi+D+I+Yogyakarta/@-7.7679571,110.429264,17z/data=!4m8!3m7!1s0x2e7a5a1ea2077521:0xca6065b1ffa55014!8m2!3d-7.7679624!4d110.4318389!9m1!1b1!16s%2Fg%2F1pv083h00?entry=ttu&g_ep=EgoyMDI2MDgxNy4wIKXMDSoASAFQAw%3D%3D",2026-08-21T04:18:16.914003+00:00
70a9559d18651d716abcde6e,disnakertrans,Dinas Tenaga Kerja dan Transmigrasi DIY,google_maps,Akhyar Bintang,"Terimakasih atas bantuannya bapak bapak,pelayanan memuaskan semoga tetap amanah",5.0,3 tahun lalu,"https://www.google.com/maps/place/Disnakertrans+Provinsi+D+I+Yogyakarta/@-7.7679571,110.429264,17z/data=!4m8!3m7!1s0x2e7a5a1ea2077521:0xca6065b1ffa55014!8m2!3d-7.7679624!4d110.4318389!9m1!1b1!16s%2Fg%2F1pv083h00?entry=ttu&g_ep=EgoyMDI2MDgxNy4wIKXMDSoASAFQAw%3D%3D",2026-08-21T04:18:17.020002+00:00
e863c77bf68ae26d8faf0682,disnakertrans,Dinas Tenaga Kerja dan Transmigrasi DIY,google_maps,Dzikri Farij H,Adakah nomer khusus pelaporan online via wa untuk karyawan yg ingin melapor karena gaji tidak dikasihkan?,5.0,6 tahun lalu,"https://www.google.com/maps/place/Disnakertrans+Provinsi+D+I+Yogyakarta/@-7.7679571,110.429264,17z/data=!4m8!3m7!1s0x2e7a5a1ea2077521:0xca6065b1ffa55014!8m2!3d-7.7679624!4d110.4318389!9m1!1b1!16s%2Fg%2F1pv083h00?entry=ttu&g_ep=EgoyMDI2MDgxNy4wIKXMDSoASAFQAw%3D%3D",2026-08-21T04:18:17.115636+00:00
c6ce55cdfb8cc776294f45be,disnakertrans,Dinas Tenaga Kerja dan Transmigrasi DIY,google_maps,Arkhan Dzaky,sangat membantu.,5.0,3 bulan lalu,"https://www.google.com/maps/place/Disnakertrans+Provinsi+D+I+Yogyakarta/@-7.7679571,110.429264,17z/data=!4m8!3m7!1s0x2e7a5a1ea2077521:0xca6065b1ffa55014!8m2!3d-7.7679624!4d110.4318389!9m1!1b1!16s%2Fg%2F1pv083h00?entry=ttu&g_ep=EgoyMDI2MDgxNy4wIKXMDSoASAFQAw%3D%3D",2026-08-21T04:18:17.214918+00:00
d52eb2ebd4142a532b32e2c4,disnakertrans,Dinas Tenaga Kerja dan Transmigrasi DIY,google_maps,Tony Pratomo,Terimaksih pak Richad atas ajakannya hidroponik dan perikanan..sy tunggu kabar selanjutnya..,5.0,6 tahun lalu,"https://www.google.com/maps/place/Disnakertrans+Provinsi+D+I+Yogyakarta/@-7.7679571,110.429264,17z/data=!4m8!3m7!1s0x2e7a5a1ea2077521:0xca6065b1ffa55014!8m2!3d-7.7679624!4d110.4318389!9m1!1b1!16s%2Fg%2F1pv083h00?entry=ttu&g_ep=EgoyMDI2MDgxNy4wIKXMDSoASAFQAw%3D%3D",2026-08-21T04:18:17.314767+00:00
9fe91c01e207b0ee3c113767,disnakertrans,Dinas Tenaga Kerja dan Transmigrasi DIY,google_maps,EFaizal Ardiyanto,Apakah BS buat kartu kuning disini? Apa harus ke kantor Disnaker Sleman? Terima kasih,5.0,5 tahun lalu,"https://www.google.com/maps/place/Disnakertrans+Provinsi+D+I+Yogyakarta/@-7.7679571,110.429264,17z/data=!4m8!3m7!1s0x2e7a5a1ea2077521:0xca6065b1ffa55014!8m2!3d-7.7679624!4d110.4318389!9m1!1b1!16s%2Fg%2F1pv083h00?entry=ttu&g_ep=EgoyMDI2MDgxNy4wIKXMDSoASAFQAw%3D%3D",2026-08-21T04:18:17.413469+00:00
32d4f697d80cc5f6a7e4e6be,disnakertrans,Dinas Tenaga Kerja dan Transmigrasi DIY,google_maps,andriansyah ruci,Saya ingim pengaduan jika gaji atau hak saya tidak di byr oleh pihak perusahaan di jogja bagaimana ya... Prosesnya,5.0,4 tahun lalu,"https://www.google.com/maps/place/Disnakertrans+Provinsi+D+I+Yogyakarta/@-7.7679571,110.429264,17z/data=!4m8!3m7!1s0x2e7a5a1ea2077521:0xca6065b1ffa55014!8m2!3d-7.7679624!4d110.4318389!9m1!1b1!16s%2Fg%2F1pv083h00?entry=ttu&g_ep=EgoyMDI2MDgxNy4wIKXMDSoASAFQAw%3D%3D",2026-08-21T04:18:17.512653+00:00
c41efd05990a5d1a9cd1be3e,disnakertrans,Dinas Tenaga Kerja dan Transmigrasi DIY,google_maps,agung suyanto,Suasana nyaman,4.0,sebulan lalu,"https://www.google.com/maps/place/Disnakertrans+Provinsi+D+I+Yogyakarta/@-7.7679571,110.429264,17z/data=!4m8!3m7!1s0x2e7a5a1ea2077521:0xca6065b1ffa55014!8m2!3d-7.7679624!4d110.4318389!9m1!1b1!16s%2Fg%2F1pv083h00?entry=ttu&g_ep=EgoyMDI2MDgxNy4wIKXMDSoASAFQAw%3D%3D",2026-08-21T04:18:17.608613+00:00
2c2718e78626c4c7f9268f1c,disnakertrans,Dinas Tenaga Kerja dan Transmigrasi DIY,google_maps,24 Studio,Sip dah,5.0,7 tahun lalu,"https://www.google.com/maps/place/Disnakertrans+Provinsi+D+I+Yogyakarta/@-7.7679571,110.429264,17z/data=!4m8!3m7!1s0x2e7a5a1ea2077521:0xca6065b1ffa55014!8m2!3d-7.7679624!4d110.4318389!9m1!1b1!16s%2Fg%2F1pv083h00?entry=ttu&g_ep=EgoyMDI2MDgxNy4wIKXMDSoASAFQAw%3D%3D",2026-08-21T04:18:17.705867+00:00
25d89cc92d72e2a0e0c49d23,disnakertrans,Dinas Tenaga Kerja dan Transmigrasi DIY,google_maps,yanto joko,info transmigrasi ada kuota blm ya,5.0,9 bulan lalu,"https://www.google.com/maps/place/Disnakertrans+Provinsi+D+I+Yogyakarta/@-7.7679571,110.429264,17z/data=!4m8!3m7!1s0x2e7a5a1ea2077521:0xca6065b1ffa55014!8m2!3d-7.7679624!4d110.4318389!9m1!1b1!16s%2Fg%2F1pv083h00?entry=ttu&g_ep=EgoyMDI2MDgxNy4wIKXMDSoASAFQAw%3D%3D",2026-08-21T04:18:17.803706+00:00
5b218d14e9535b15ad009121,disnakertrans,Dinas Tenaga Kerja dan Transmigrasi DIY,google_maps,Aprilian Tas,Terima kasih kepada disnakertrans DIY yang sudah berlangganan kepada kami..,5.0,5 tahun lalu,"https://www.google.com/maps/place/Disnakertrans+Provinsi+D+I+Yogyakarta/@-7.7679571,110.429264,17z/data=!4m8!3m7!1s0x2e7a5a1ea2077521:0xca6065b1ffa55014!8m2!3d-7.7679624!4d110.4318389!9m1!1b1!16s%2Fg%2F1pv083h00?entry=ttu&g_ep=EgoyMDI2MDgxNy4wIKXMDSoASAFQAw%3D%3D",2026-08-21T04:18:17.905899+00:00
08ea52c736dd550e7df71f2d,disnakertrans,Dinas Tenaga Kerja dan Transmigrasi DIY,google_maps,BILLAH ASYIEQ,Mohon bantuan untuk no TDP Perusahaan PT TIKI JNE Cab. Yogyakarta,5.0,6 tahun lalu,"https://www.google.com/maps/place/Disnakertrans+Provinsi+D+I+Yogyakarta/@-7.7679571,110.429264,17z/data=!4m8!3m7!1s0x2e7a5a1ea2077521:0xca6065b1ffa55014!8m2!3d-7.7679624!4d110.4318389!9m1!1b1!16s%2Fg%2F1pv083h00?entry=ttu&g_ep=EgoyMDI2MDgxNy4wIKXMDSoASAFQAw%3D%3D",2026-08-21T04:18:18.004761+00:00
fb79d9c5f0fe32d429613118,disnakertrans,Dinas Tenaga Kerja dan Transmigrasi DIY,google_maps,Fani _Susanti,"Ditambah yng penempatan nya khusus di wilayah Jakarta dong.
Trimakasih..",4.0,7 tahun lalu,"https://www.google.com/maps/place/Disnakertrans+Provinsi+D+I+Yogyakarta/@-7.7679571,110.429264,17z/data=!4m8!3m7!1s0x2e7a5a1ea2077521:0xca6065b1ffa55014!8m2!3d-7.7679624!4d110.4318389!9m1!1b1!16s%2Fg%2F1pv083h00?entry=ttu&g_ep=EgoyMDI2MDgxNy4wIKXMDSoASAFQAw%3D%3D",2026-08-21T04:18:18.100530+00:00
6029c88d0c648278dfd0bb0d,disnakertrans,Dinas Tenaga Kerja dan Transmigrasi DIY,google_maps,Fitri Ana,Sangat membantu kendala pekerja 👍 …,5.0,3 tahun lalu,"https://www.google.com/maps/place/Disnakertrans+Provinsi+D+I+Yogyakarta/@-7.7679571,110.429264,17z/data=!4m8!3m7!1s0x2e7a5a1ea2077521:0xca6065b1ffa55014!8m2!3d-7.7679624!4d110.4318389!9m1!1b1!16s%2Fg%2F1pv083h00?entry=ttu&g_ep=EgoyMDI2MDgxNy4wIKXMDSoASAFQAw%3D%3D",2026-08-21T04:18:18.271642+00:00
f31289157bd5dd2d0d930a99,disnakertrans,Dinas Tenaga Kerja dan Transmigrasi DIY,google_maps,Atmaja Bagas,Pelayanan sangat memuaskan 🙏😇 …,5.0,3 tahun lalu,"https://www.google.com/maps/place/Disnakertrans+Provinsi+D+I+Yogyakarta/@-7.7679571,110.429264,17z/data=!4m8!3m7!1s0x2e7a5a1ea2077521:0xca6065b1ffa55014!8m2!3d-7.7679624!4d110.4318389!9m1!1b1!16s%2Fg%2F1pv083h00?entry=ttu&g_ep=EgoyMDI2MDgxNy4wIKXMDSoASAFQAw%3D%3D",2026-08-21T04:18:18.361474+00:00
6cb41ec40d22f5ee7283d19e,disnakertrans,Dinas Tenaga Kerja dan Transmigrasi DIY,google_maps,Vincensius Gambit,Tempat saya mengikuti pelatihan P3K,5.0,4 tahun lalu,"https://www.google.com/maps/place/Disnakertrans+Provinsi+D+I+Yogyakarta/@-7.7679571,110.429264,17z/data=!4m8!3m7!1s0x2e7a5a1ea2077521:0xca6065b1ffa55014!8m2!3d-7.7679624!4d110.4318389!9m1!1b1!16s%2Fg%2F1pv083h00?entry=ttu&g_ep=EgoyMDI2MDgxNy4wIKXMDSoASAFQAw%3D%3D",2026-08-21T04:18:18.462355+00:00
b26f5b6794825fe975c7390d,disnakertrans,Dinas Tenaga Kerja dan Transmigrasi DIY,google_maps,Muh. Ibnu Fauzan,Luar biasa,5.0,setahun lalu,"https://www.google.com/maps/place/Disnakertrans+Provinsi+D+I+Yogyakarta/@-7.7679571,110.429264,17z/data=!4m8!3m7!1s0x2e7a5a1ea2077521:0xca6065b1ffa55014!8m2!3d-7.7679624!4d110.4318389!9m1!1b1!16s%2Fg%2F1pv083h00?entry=ttu&g_ep=EgoyMDI2MDgxNy4wIKXMDSoASAFQAw%3D%3D",2026-08-21T04:18:18.562441+00:00
3363e033cde0e4d4b4b2dbff,disnakertrans,Dinas Tenaga Kerja dan Transmigrasi DIY,google_maps,fajr s,Ikut Diklat disini,5.0,setahun lalu,"https://www.google.com/maps/place/Disnakertrans+Provinsi+D+I+Yogyakarta/@-7.7679571,110.429264,17z/data=!4m8!3m7!1s0x2e7a5a1ea2077521:0xca6065b1ffa55014!8m2!3d-7.7679624!4d110.4318389!9m1!1b1!16s%2Fg%2F1pv083h00?entry=ttu&g_ep=EgoyMDI2MDgxNy4wIKXMDSoASAFQAw%3D%3D",2026-08-21T04:18:18.661353+00:00
310139b4ac3b47911b0523b3,disnakertrans,Dinas Tenaga Kerja dan Transmigrasi DIY,google_maps,Charles Evelyn,mencari jawaban,5.0,setahun lalu,"https://www.google.com/maps/place/Disnakertrans+Provinsi+D+I+Yogyakarta/@-7.7679571,110.429264,17z/data=!4m8!3m7!1s0x2e7a5a1ea2077521:0xca6065b1ffa55014!8m2!3d-7.7679624!4d110.4318389!9m1!1b1!16s%2Fg%2F1pv083h00?entry=ttu&g_ep=EgoyMDI2MDgxNy4wIKXMDSoASAFQAw%3D%3D",2026-08-21T04:18:18.757115+00:00
098ecd7af7fc3b7ae78b8ed7,disnakertrans,Dinas Tenaga Kerja dan Transmigrasi DIY,google_maps,ato atmanto,Sangat Membantu. Terimakasih,5.0,6 tahun lalu,"https://www.google.com/maps/place/Disnakertrans+Provinsi+D+I+Yogyakarta/@-7.7679571,110.429264,17z/data=!4m8!3m7!1s0x2e7a5a1ea2077521:0xca6065b1ffa55014!8m2!3d-7.7679624!4d110.4318389!9m1!1b1!16s%2Fg%2F1pv083h00?entry=ttu&g_ep=EgoyMDI2MDgxNy4wIKXMDSoASAFQAw%3D%3D",2026-08-21T04:18:18.852803+00:00
d86d81b92f65aff3487a0da9,disnakertrans,Dinas Tenaga Kerja dan Transmigrasi DIY,google_maps,Arif RN Asri,Pelayanan cepat,4.0,5 tahun lalu,"https://www.google.com/maps/place/Disnakertrans+Provinsi+D+I+Yogyakarta/@-7.7679571,110.429264,17z/data=!4m8!3m7!1s0x2e7a5a1ea2077521:0xca6065b1ffa55014!8m2!3d-7.7679624!4d110.4318389!9m1!1b1!16s%2Fg%2F1pv083h00?entry=ttu&g_ep=EgoyMDI2MDgxNy4wIKXMDSoASAFQAw%3D%3D",2026-08-21T04:18:18.951151+00:00
df9dfbb916fe7bc8b15aee96,disnakertrans,Dinas Tenaga Kerja dan Transmigrasi DIY,google_maps,Rentcar Magelang,Solusi pemecahan masalah,4.0,6 tahun lalu,"https://www.google.com/maps/place/Disnakertrans+Provinsi+D+I+Yogyakarta/@-7.7679571,110.429264,17z/data=!4m8!3m7!1s0x2e7a5a1ea2077521:0xca6065b1ffa55014!8m2!3d-7.7679624!4d110.4318389!9m1!1b1!16s%2Fg%2F1pv083h00?entry=ttu&g_ep=EgoyMDI2MDgxNy4wIKXMDSoASAFQAw%3D%3D",2026-08-21T04:18:19.049700+00:00
4a421fc50adc1eaa3b8bc767,disnakertrans,Dinas Tenaga Kerja dan Transmigrasi DIY,google_maps,Faizah Maziyyatal Muna,Akses mudah dijangkau.,5.0,3 tahun lalu,"https://www.google.com/maps/place/Disnakertrans+Provinsi+D+I+Yogyakarta/@-7.7679571,110.429264,17z/data=!4m8!3m7!1s0x2e7a5a1ea2077521:0xca6065b1ffa55014!8m2!3d-7.7679624!4d110.4318389!9m1!1b1!16s%2Fg%2F1pv083h00?entry=ttu&g_ep=EgoyMDI2MDgxNy4wIKXMDSoASAFQAw%3D%3D",2026-08-21T04:18:19.143542+00:00
18bce0f9c19faf01fbb96709,disnakertrans,Dinas Tenaga Kerja dan Transmigrasi DIY,google_maps,Suyono,mantap!!,5.0,5 tahun lalu,"https://www.google.com/maps/place/Disnakertrans+Provinsi+D+I+Yogyakarta/@-7.7679571,110.429264,17z/data=!4m8!3m7!1s0x2e7a5a1ea2077521:0xca6065b1ffa55014!8m2!3d-7.7679624!4d110.4318389!9m1!1b1!16s%2Fg%2F1pv083h00?entry=ttu&g_ep=EgoyMDI2MDgxNy4wIKXMDSoASAFQAw%3D%3D",2026-08-21T04:18:19.240305+00:00
5a351ad4286a12a8cd29b495,disnakertrans,Dinas Tenaga Kerja dan Transmigrasi DIY,google_maps,ian arsyad,Daftar kerja ke jepang,4.0,8 tahun lalu,"https://www.google.com/maps/place/Disnakertrans+Provinsi+D+I+Yogyakarta/@-7.7679571,110.429264,17z/data=!4m8!3m7!1s0x2e7a5a1ea2077521:0xca6065b1ffa55014!8m2!3d-7.7679624!4d110.4318389!9m1!1b1!16s%2Fg%2F1pv083h00?entry=ttu&g_ep=EgoyMDI2MDgxNy4wIKXMDSoASAFQAw%3D%3D",2026-08-21T04:18:19.337153+00:00
f88268748e8514dbc3752183,disnakertrans,Dinas Tenaga Kerja dan Transmigrasi DIY,google_maps,Sisi Lain TV,kantor pemerintah,5.0,9 tahun lalu,"https://www.google.com/maps/place/Disnakertrans+Provinsi+D+I+Yogyakarta/@-7.7679571,110.429264,17z/data=!4m8!3m7!1s0x2e7a5a1ea2077521:0xca6065b1ffa55014!8m2!3d-7.7679624!4d110.4318389!9m1!1b1!16s%2Fg%2F1pv083h00?entry=ttu&g_ep=EgoyMDI2MDgxNy4wIKXMDSoASAFQAw%3D%3D",2026-08-21T04:18:19.430833+00:00
39b7eff5ab77602101b0dc53,disnakertrans,Dinas Tenaga Kerja dan Transmigrasi DIY,google_maps,BEGAWAN SUJATMIKO,DINAS TENAGA KERJA 👍👍🔥🔥🔥 …,3.0,4 tahun lalu,"https://www.google.com/maps/place/Disnakertrans+Provinsi+D+I+Yogyakarta/@-7.7679571,110.429264,17z/data=!4m8!3m7!1s0x2e7a5a1ea2077521:0xca6065b1ffa55014!8m2!3d-7.7679624!4d110.4318389!9m1!1b1!16s%2Fg%2F1pv083h00?entry=ttu&g_ep=EgoyMDI2MDgxNy4wIKXMDSoASAFQAw%3D%3D",2026-08-21T04:18:19.528583+00:00
8e942bf11c295554b28680a4,disnakertrans,Dinas Tenaga Kerja dan Transmigrasi DIY,google_maps,Aji Muhammad Nur,Tolak pungli,3.0,9 tahun lalu,"https://www.google.com/maps/place/Disnakertrans+Provinsi+D+I+Yogyakarta/@-7.7679571,110.429264,17z/data=!4m8!3m7!1s0x2e7a5a1ea2077521:0xca6065b1ffa55014!8m2!3d-7.7679624!4d110.4318389!9m1!1b1!16s%2Fg%2F1pv083h00?entry=ttu&g_ep=EgoyMDI2MDgxNy4wIKXMDSoASAFQAw%3D%3D",2026-08-21T04:18:19.627115+00:00
c41ae62e9c7a23c3d7b87aa1,disnakertrans,Dinas Tenaga Kerja dan Transmigrasi DIY,google_maps,A Malaha,Rumah maguwo,5.0,Diedit 10 tahun lalu,"https://www.google.com/maps/place/Disnakertrans+Provinsi+D+I+Yogyakarta/@-7.7679571,110.429264,17z/data=!4m8!3m7!1s0x2e7a5a1ea2077521:0xca6065b1ffa55014!8m2!3d-7.7679624!4d110.4318389!9m1!1b1!16s%2Fg%2F1pv083h00?entry=ttu&g_ep=EgoyMDI2MDgxNy4wIKXMDSoASAFQAw%3D%3D",2026-08-21T04:18:19.721441+00:00
c20e368c8eef85f99f2649ed,disnakertrans,Dinas Tenaga Kerja dan Transmigrasi DIY,google_maps,Sutrisna sukamuljo,Ramah,5.0,4 minggu lalu,"https://www.google.com/maps/place/Disnakertrans+Provinsi+D+I+Yogyakarta/@-7.7679571,110.429264,17z/data=!4m8!3m7!1s0x2e7a5a1ea2077521:0xca6065b1ffa55014!8m2!3d-7.7679624!4d110.4318389!9m1!1b1!16s%2Fg%2F1pv083h00?entry=ttu&g_ep=EgoyMDI2MDgxNy4wIKXMDSoASAFQAw%3D%3D",2026-08-21T04:18:19.816229+00:00
257b8694321ea58f2b3c6205,disnakertrans,Dinas Tenaga Kerja dan Transmigrasi DIY,google_maps,Hanifah Maharani,"Terimakasih disnakertrans DIY, telah memfasilitasi kami dengan adanya pelatihan persiapan ujian eps Topik Korea
Jayaa Selaluuu 🫶🏻 …",5.0,3 bulan lalu,"https://www.google.com/maps/place/Disnakertrans+Provinsi+D+I+Yogyakarta/@-7.7679571,110.429264,17z/data=!4m8!3m7!1s0x2e7a5a1ea2077521:0xca6065b1ffa55014!8m2!3d-7.7679624!4d110.4318389!9m1!1b1!16s%2Fg%2F1pv083h00?entry=ttu&g_ep=EgoyMDI2MDgxNy4wIKXMDSoASAFQAw%3D%3D",2026-08-21T04:18:19.912965+00:00
c1e2de4d504eabd76cd95ae7,disnakertrans,Dinas Tenaga Kerja dan Transmigrasi DIY,google_maps,"Setyawan Antono, MBA",Lembaga pemberdayaan pria Yogyakarta. Buka lebih awal jam 8. Orang-orangnya ramah dan suka membantu.,4.0,8 tahun lalu,"https://www.google.com/maps/place/Disnakertrans+Provinsi+D+I+Yogyakarta/@-7.7679571,110.429264,17z/data=!4m8!3m7!1s0x2e7a5a1ea2077521:0xca6065b1ffa55014!8m2!3d-7.7679624!4d110.4318389!9m1!1b1!16s%2Fg%2F1pv083h00?entry=ttu&g_ep=EgoyMDI2MDgxNy4wIKXMDSoASAFQAw%3D%3D",2026-08-21T04:18:20.006912+00:00
83ee77018c8167c53c3485e0,disnakertrans,Dinas Tenaga Kerja dan Transmigrasi DIY,google_maps,fatikun brantas rifan f,Terima kasih🙏🙏🙏 …,5.0,3 bulan lalu,"https://www.google.com/maps/place/Disnakertrans+Provinsi+D+I+Yogyakarta/@-7.7679571,110.429264,17z/data=!4m8!3m7!1s0x2e7a5a1ea2077521:0xca6065b1ffa55014!8m2!3d-7.7679624!4d110.4318389!9m1!1b1!16s%2Fg%2F1pv083h00?entry=ttu&g_ep=EgoyMDI2MDgxNy4wIKXMDSoASAFQAw%3D%3D",2026-08-21T04:18:20.099870+00:00
155048b3943c3cb7187a1b4e,disnakertrans,Dinas Tenaga Kerja dan Transmigrasi DIY,google_maps,Rychad Kuncahyo,petugas yang baik dan profesional,5.0,6 bulan lalu,"https://www.google.com/maps/place/Disnakertrans+Provinsi+D+I+Yogyakarta/@-7.7679571,110.429264,17z/data=!4m8!3m7!1s0x2e7a5a1ea2077521:0xca6065b1ffa55014!8m2!3d-7.7679624!4d110.4318389!9m1!1b1!16s%2Fg%2F1pv083h00?entry=ttu&g_ep=EgoyMDI2MDgxNy4wIKXMDSoASAFQAw%3D%3D",2026-08-21T04:18:20.195024+00:00
390bc2321c7713eadb727e96,disnakertrans,Dinas Tenaga Kerja dan Transmigrasi DIY,google_maps,Rudi Abat,Tegukan,3.0,4 tahun lalu,"https://www.google.com/maps/place/Disnakertrans+Provinsi+D+I+Yogyakarta/@-7.7679571,110.429264,17z/data=!4m8!3m7!1s0x2e7a5a1ea2077521:0xca6065b1ffa55014!8m2!3d-7.7679624!4d110.4318389!9m1!1b1!16s%2Fg%2F1pv083h00?entry=ttu&g_ep=EgoyMDI2MDgxNy4wIKXMDSoASAFQAw%3D%3D",2026-08-21T04:18:20.290901+00:00
cd747661580101782dbab845,disnakertrans,Dinas Tenaga Kerja dan Transmigrasi DIY,google_maps,Kurnia Kusuma,ATAS,5.0,setahun lalu,"https://www.google.com/maps/place/Disnakertrans+Provinsi+D+I+Yogyakarta/@-7.7679571,110.429264,17z/data=!4m8!3m7!1s0x2e7a5a1ea2077521:0xca6065b1ffa55014!8m2!3d-7.7679624!4d110.4318389!9m1!1b1!16s%2Fg%2F1pv083h00?entry=ttu&g_ep=EgoyMDI2MDgxNy4wIKXMDSoASAFQAw%3D%3D",2026-08-21T04:18:20.388254+00:00
9220ede2bf48580373662838,disnakertrans,Dinas Tenaga Kerja dan Transmigrasi DIY,google_maps,Deshinta R. S.,Pelayanan yang baik,5.0,7 tahun lalu,"https://www.google.com/maps/place/Disnakertrans+Provinsi+D+I+Yogyakarta/@-7.7679571,110.429264,17z/data=!4m8!3m7!1s0x2e7a5a1ea2077521:0xca6065b1ffa55014!8m2!3d-7.7679624!4d110.4318389!9m1!1b1!16s%2Fg%2F1pv083h00?entry=ttu&g_ep=EgoyMDI2MDgxNy4wIKXMDSoASAFQAw%3D%3D",2026-08-21T04:18:20.484902+00:00
